Data Casos,CasosDia,Total Casos,Total Recuperados,Acumulado Testes Realizados,Ocupacao Leitos UTI,Mortes do Dia,Total Mortes,Media Movel Casos 7 dias,Taxa Transmissao,Variacao Casos 7 dias,Tendencia Casos,Media Movel Mortes 7 dias,Variacao Mortes 7 dias,Tendencia Mortes,Letalidade do Dia,Letalidade Acumulada
15/03/2020,1,1,81338,0,0.00,0,0,0,,,,0,,,0.00,0.00
18/03/2020,0,1,81338,0,0.00,0,0,0,,,,0,,,0,0.00
19/03/2020,2,3,81338,0,0.00,0,0,0,,,,0,,,0.00,0.00
20/03/2020,0,3,81338,0,0.00,0,0,0,,,,0,,,0,0.00
21/03/2020,8,11,81338,0,0.00,0,0,0,,,,0,,,0.00,0.00
22/03/2020,15,26,81338,0,0.00,0,0,0,,,,0,,,0.00,0.00
23/03/2020,6,32,81338,0,0.00,0,0,0,,,,0,,,0.00,0.00
24/03/2020,15,47,81338,0,0.00,0,0,7,,,,0,,,0.00,0.00
25/03/2020,7,54,81338,0,0.00,1,1,8,,,,0,,,14.29,1.85
26/03/2020,13,67,81338,0,0.00,0,1,9,,,,0,,,0.00,1.49
27/03/2020,14,81,81338,0,0.00,0,1,11,,,,0,,,0.00,1.23
28/03/2020,30,111,81338,0,0.00,0,1,14,,,,0,,,0.00,0.90
29/03/2020,29,140,81338,0,0.00,0,1,16,,,,0,,,0.00,0.71
30/03/2020,11,151,81338,0,0.00,0,1,17,,,,0,,,0.00,0.66
31/03/2020,24,175,81338,0,0.00,2,3,18,2.57,,,0,,,8.33,1.71
01/04/2020,25,200,81338,0,0.00,0,3,21,2.63,,,0,,,0.00,1.50
02/04/2020,29,229,81338,0,0.00,0,3,23,2.56,,,0,,,0.00,1.31
03/04/2020,31,260,81338,0,0.00,4,7,26,2.36,,,1,,,12.90,2.69
04/04/2020,51,311,81338,0,0.00,5,12,29,2.07,,,2,,,9.80,3.86
05/04/2020,106,417,81338,0,0.00,2,14,40,2.50,,,2,,,1.89,3.36
06/04/2020,115,532,81338,0,0.00,5,19,54,3.18,,,3,,,4.35,3.57
07/04/2020,104,636,81338,0,0.00,4,23,66,3.67,842.86,Alta,3,,,3.85,3.62
08/04/2020,168,804,81338,0,0.00,7,30,86,4.10,975.00,Alta,4,,,4.17,3.73
09/04/2020,95,899,81338,0,0.00,10,40,96,4.17,966.67,Alta,5,,,10.53,4.45
10/04/2020,82,981,81338,0,0.00,10,50,103,3.96,836.36,Alta,6,,,12.20,5.10
11/04/2020,69,1050,81338,0,0.00,3,53,106,3.66,657.14,Alta,6,,,4.35,5.05
12/04/2020,156,1206,81338,0,0.00,9,62,113,2.83,606.25,Alta,7,,,5.77,5.14
13/04/2020,69,1275,81338,0,0.00,9,71,106,1.96,523.53,Alta,7,,,13.04,5.57
14/04/2020,209,1484,81338,0,0.00,19,90,121,1.83,572.22,Alta,10,,,9.09,6.06
15/04/2020,70,1554,81338,0,0.00,16,106,107,1.24,409.52,Alta,11,,,22.86,6.82
16/04/2020,165,1719,81338,0,0.00,18,124,117,1.22,408.70,Alta,12,,,10.91,7.21
17/04/2020,90,1809,81338,0,0.00,21,145,118,1.15,353.85,Alta,14,"1,300.00",Alta,23.33,8.02
18/04/2020,88,1897,81338,0,0.00,16,161,121,1.14,317.24,Alta,15,650.00,Alta,18.18,8.49
19/04/2020,147,2044,81338,0,0.00,21,182,120,1.06,200.00,Alta,17,750.00,Alta,14.29,8.90
20/04/2020,116,2160,81338,0,0.00,3,185,126,1.19,133.33,Alta,16,433.33,Alta,2.59,8.56
21/04/2020,110,2270,81338,0,0.00,8,193,112,0.93,69.70,Alta,15,400.00,Alta,7.27,8.50
22/04/2020,209,2479,81338,0,0.00,14,207,132,1.23,53.49,Alta,14,250.00,Alta,6.70,8.35
23/04/2020,409,2888,81338,0,0.00,27,234,167,1.43,73.96,Alta,16,220.00,Alta,6.60,8.10
24/04/2020,306,3194,81338,0,0.00,21,255,198,1.68,92.23,Alta,16,166.67,Alta,6.86,7.98
25/04/2020,441,3635,81338,0,0.00,32,287,248,2.05,133.96,Alta,18,200.00,Alta,7.26,7.90
26/04/2020,198,3833,81338,0,0.00,17,304,256,2.13,126.55,Alta,17,142.86,Alta,8.59,7.93
27/04/2020,95,3928,81338,0,0.00,16,320,253,2.01,138.68,Alta,19,171.43,Alta,16.84,8.15
28/04/2020,409,4337,81338,0,0.00,31,351,295,2.63,143.80,Alta,23,130.00,Alta,7.58,8.09
29/04/2020,464,4801,81338,0,0.00,29,380,332,2.52,210.28,Alta,25,127.27,Alta,6.25,7.92
30/04/2020,453,5254,81338,0,0.00,45,425,338,2.02,188.89,Alta,27,125.00,Alta,9.93,8.09
01/05/2020,469,5723,81338,0,0.00,51,476,361,1.82,205.93,Alta,32,128.57,Alta,10.87,8.32
02/05/2020,339,6062,81338,0,0.00,25,501,347,1.40,186.78,Alta,31,106.67,Alta,7.37,8.26
03/05/2020,621,6683,81338,0,0.00,47,548,407,1.59,239.17,Alta,35,105.88,Alta,7.57,8.20
04/05/2020,559,7242,81338,0,0.00,36,584,473,1.87,275.40,Alta,38,137.50,Alta,6.44,8.06
05/05/2020,867,8109,81338,0,0.00,65,649,539,1.83,381.25,Alta,43,186.67,Alta,7.50,8.00
06/05/2020,1134,9243,81338,0,0.00,102,751,635,1.91,381.06,Alta,53,278.57,Alta,8.99,8.13
07/05/2020,856,10099,81338,0,0.00,55,806,692,2.05,314.37,Alta,54,237.50,Alta,6.43,7.98
08/05/2020,628,10727,81338,0,0.00,68,874,715,1.98,261.11,Alta,57,256.25,Alta,10.83,8.15
09/05/2020,1198,11925,81338,0,0.00,88,962,838,2.41,237.90,Alta,66,266.67,Alta,7.35,8.07
10/05/2020,674,12599,81338,0,0.00,42,1004,845,2.08,230.08,Alta,65,282.35,Alta,6.23,7.97
11/05/2020,320,12919,81338,0,0.00,31,1035,811,1.71,220.55,Alta,64,236.84,Alta,9.69,8.01
12/05/2020,1249,14168,81338,0,0.00,63,1098,866,1.61,193.56,Alta,64,178.26,Alta,5.04,7.75
13/05/2020,1648,15816,81338,0,0.00,62,1160,939,1.48,182.83,Alta,58,132.00,Alta,3.76,7.33
14/05/2020,1365,17181,81338,0,0.00,75,1235,1012,1.46,199.41,Alta,61,125.93,Alta,5.49,7.19
15/05/2020,1211,18392,81338,0,0.00,96,1331,1095,1.53,203.32,Alta,65,103.13,Alta,7.93,7.24
16/05/2020,1285,19677,81338,0,0.00,44,1375,1107,1.32,219.02,Alta,59,90.32,Alta,3.42,6.99
17/05/2020,651,20328,81338,0,0.00,38,1413,1104,1.31,171.25,Alta,58,65.71,Alta,5.84,6.95
18/05/2020,585,20913,81338,0,0.00,20,1433,1142,1.41,141.44,Alta,57,50.00,Alta,3.42,6.85
19/05/2020,1219,22132,81338,0,0.00,58,1491,1138,1.31,111.13,Alta,56,30.23,Alta,4.76,6.74
20/05/2020,1572,23704,81338,0,0.00,70,1561,1127,1.20,77.48,Alta,57,7.55,Estabilidade,4.45,6.59
21/05/2020,1663,25367,81338,0,0.00,59,1620,1169,1.16,68.93,Alta,55,1.85,Estabilidade,3.55,6.39
22/05/2020,1671,27038,81338,0,0.00,49,1669,1235,1.13,72.73,Alta,48,-15.79,Queda,2.93,6.17
23/05/2020,1764,28802,81338,0,0.00,75,1744,1304,1.18,55.61,Alta,53,-19.70,Queda,4.25,6.06
24/05/2020,1065,29867,81338,0,0.00,14,1758,1363,1.23,61.30,Alta,49,-24.62,Queda,1.31,5.89
25/05/2020,415,30282,81338,0,0.00,23,1781,1338,1.17,64.98,Alta,50,-21.88,Queda,5.54,5.88
26/05/2020,1667,31949,81338,0,0.00,71,1852,1402,1.23,61.89,Alta,52,-18.75,Queda,4.26,5.80
27/05/2020,1559,33508,81338,0,0.00,39,1891,1401,1.24,49.20,Alta,47,-18.97,Queda,2.50,5.64
28/05/2020,2638,36146,81338,0,0.00,73,1964,1540,1.32,52.17,Alta,49,-19.67,Queda,2.77,5.43
29/05/2020,2763,38909,81338,0,0.00,47,2011,1696,1.37,54.89,Alta,49,-24.62,Queda,1.70,5.17
30/05/2020,1651,40560,81338,0,0.00,36,2047,1680,1.29,51.76,Alta,43,-27.12,Queda,2.18,5.05
31/05/2020,818,41378,81338,0,0.00,5,2052,1644,1.21,48.91,Alta,42,-27.59,Queda,0.61,4.96
01/06/2020,396,41774,81338,0,0.00,19,2071,1642,1.23,43.78,Alta,41,-28.07,Queda,4.80,4.96
02/06/2020,1421,43195,81338,0,0.00,31,2102,1607,1.15,41.21,Alta,36,-35.71,Queda,2.18,4.87
03/06/2020,1152,44347,81338,0,0.00,36,2138,1548,1.10,37.36,Alta,35,-38.60,Queda,3.13,4.82
04/06/2020,2126,46473,81338,0,0.00,45,2183,1475,0.96,26.18,Alta,31,-43.64,Queda,2.12,4.70
05/06/2020,1193,47666,81338,0,0.00,16,2199,1251,0.74,1.30,Estabilidade,27,-43.75,Queda,1.34,4.61
06/06/2020,1119,48785,81338,0,0.00,33,2232,1175,0.70,-9.89,Estabilidade,26,-50.94,Queda,2.95,4.58
07/06/2020,484,49269,81338,0,0.00,18,2250,1127,0.69,-17.31,Queda,28,-42.86,Queda,3.72,4.57
08/06/2020,542,49811,81338,0,0.00,21,2271,1148,0.70,-14.20,Estabilidade,29,-42.00,Queda,3.87,4.56
09/06/2020,1423,51234,81338,0,0.00,44,2315,1148,0.71,-18.12,Queda,30,-42.31,Queda,3.09,4.52
10/06/2020,1615,52849,81338,0,0.00,48,2363,1215,0.78,-13.28,Estabilidade,32,-31.91,Queda,2.97,4.47
11/06/2020,1140,53989,81338,0,0.00,37,2400,1074,0.73,-30.26,Queda,31,-36.73,Queda,3.25,4.45
12/06/2020,1122,55111,81338,0,0.00,29,2429,1064,0.85,-37.26,Queda,33,-32.65,Queda,2.58,4.41
13/06/2020,915,56026,81338,0,0.00,36,2465,1034,0.88,-38.45,Queda,33,-23.26,Queda,3.93,4.40
14/06/2020,480,56506,81338,0,0.00,27,2492,1034,0.92,-37.10,Queda,35,-16.67,Queda,5.63,4.41
15/06/2020,271,56777,81338,0,0.00,20,2512,995,0.87,-39.40,Queda,34,-17.07,Queda,7.38,4.42
16/06/2020,1241,58018,81338,0,0.00,37,2549,969,0.84,-39.70,Queda,33,-8.33,Estabilidade,2.98,4.39
17/06/2020,1529,59547,81338,0,0.00,30,2579,957,0.79,-38.18,Queda,31,-11.43,Estabilidade,1.96,4.33
18/06/2020,1189,60736,81338,0,0.00,26,2605,964,0.90,-34.64,Queda,29,-6.45,Estabilidade,2.19,4.29
19/06/2020,947,61683,81338,0,0.00,19,2624,939,0.88,-24.94,Queda,28,3.70,Estabilidade,2.01,4.25
20/06/2020,1219,62902,81338,0,0.00,26,2650,982,0.95,-16.43,Queda,26,0.00,Estabilidade,2.13,4.21
21/06/2020,508,63410,81338,0,0.00,7,2657,986,0.95,-12.51,Estabilidade,24,-14.29,Estabilidade,1.38,4.19
22/06/2020,321,63731,81338,0,0.00,14,2671,993,1.00,-13.50,Estabilidade,23,-20.69,Queda,4.36,4.19
23/06/2020,1342,65073,81338,0,0.00,15,2686,1008,1.04,-12.20,Estabilidade,20,-33.33,Queda,1.12,4.13
24/06/2020,1691,66764,81338,0,0.00,24,2710,1031,1.08,-15.14,Queda,19,-40.63,Queda,1.42,4.06
25/06/2020,503,67267,81338,0,0.00,21,2731,933,0.97,-13.13,Estabilidade,18,-41.94,Queda,4.17,4.06
26/06/2020,953,68220,81338,0,0.00,8,2739,934,0.99,-12.22,Estabilidade,16,-51.52,Queda,0.84,4.01
27/06/2020,802,69022,81338,0,0.00,33,2772,874,0.89,-15.47,Queda,17,-48.48,Queda,4.11,4.02
28/06/2020,627,69649,81338,0,0.00,8,2780,891,0.90,-13.83,Estabilidade,18,-48.57,Queda,1.28,3.99
29/06/2020,244,69893,81338,0,0.00,12,2792,880,0.89,-11.56,Estabilidade,17,-50.00,Queda,4.92,3.99
30/06/2020,930,70823,81338,0,0.00,31,2823,821,0.81,-15.27,Queda,20,-39.39,Queda,3.33,3.99
01/07/2020,1461,72284,81338,0,0.00,20,2843,789,0.77,-17.55,Queda,19,-38.71,Queda,1.37,3.93
02/07/2020,1246,73530,81338,0,0.00,19,2862,895,0.96,-7.16,Estabilidade,19,-34.48,Queda,1.52,3.89
03/07/2020,1007,74537,81338,0,0.00,25,2887,902,0.97,-3.94,Estabilidade,21,-25.00,Queda,2.48,3.87
04/07/2020,1408,75945,81338,0,0.00,31,2918,989,1.13,0.71,Estabilidade,21,-19.23,Queda,2.20,3.84
05/07/2020,69,76014,81338,0,0.00,11,2929,909,1.02,-7.81,Estabilidade,21,-12.50,Estabilidade,15.94,3.85
06/07/2020,410,76424,81338,0,0.00,9,2938,933,1.06,-6.04,Estabilidade,21,-8.70,Estabilidade,2.20,3.84
07/07/2020,2743,79167,81338,0,0.00,14,2952,1192,1.45,18.25,Alta,18,-10.00,Estabilidade,0.51,3.73
08/07/2020,915,80082,81338,0,0.00,15,2967,1114,1.41,8.05,Estabilidade,18,-5.26,Estabilidade,1.64,3.70
09/07/2020,1236,81318,81338,0,0.00,18,2985,1113,1.24,19.29,Alta,18,0.00,Estabilidade,1.46,3.67
10/07/2020,1189,82507,81338,0,0.00,23,3008,1139,1.26,21.95,Alta,17,6.25,Estabilidade,1.93,3.65
11/07/2020,723,83230,81338,0,0.00,15,3023,1041,1.05,19.11,Alta,15,-11.76,Estabilidade,2.07,3.63
12/07/2020,296,83526,81338,0,0.00,16,3039,1073,1.18,20.43,Alta,16,-11.11,Estabilidade,5.41,3.64
13/07/2020,886,84412,81338,0,0.00,9,3048,1141,1.22,29.66,Alta,16,-5.88,Estabilidade,1.02,3.61
14/07/2020,1229,85641,81338,0,0.00,15,3063,925,0.78,12.67,Estabilidade,16,-20.00,Queda,1.22,3.58
15/07/2020,1303,86944,81338,0,0.00,17,3080,980,0.88,24.21,Alta,16,-15.79,Queda,1.30,3.54
16/07/2020,1081,88025,81338,0,0.00,15,3095,958,0.86,7.04,Estabilidade,16,-15.79,Queda,1.39,3.52
17/07/2020,797,88822,81338,0,0.00,23,3118,902,0.79,0.00,Estabilidade,16,-23.81,Queda,2.89,3.51
18/07/2020,1712,90534,81338,0,0.00,11,3129,1043,1.00,5.46,Estabilidade,15,-28.57,Queda,0.64,3.46
19/07/2020,379,90913,81338,0,0.00,20,3149,1055,0.98,16.06,Alta,16,-23.81,Queda,5.28,3.46
20/07/2020,476,91389,81338,0,0.00,-3,3146,997,0.87,6.86,Estabilidade,14,-33.33,Queda,-0.63,3.44
21/07/2020,775,92164,81338,0,0.00,23,3169,932,1.01,-21.81,Queda,15,-16.67,Queda,2.97,3.44
22/07/2020,557,92721,81338,0,0.00,14,3183,825,0.84,-25.94,Queda,15,-16.67,Queda,2.51,3.43
23/07/2020,1498,94219,81338,0,0.00,10,3193,885,0.92,-20.49,Queda,14,-22.22,Queda,0.67,3.39
24/07/2020,1205,95424,81338,0,0.00,6,3199,943,1.05,-17.21,Queda,12,-29.41,Queda,0.50,3.35
25/07/2020,670,96094,81338,0,0.00,11,3210,794,0.76,-23.73,Queda,12,-20.00,Queda,1.64,3.34
26/07/2020,369,96463,81338,0,0.00,7,3217,793,0.75,-26.10,Queda,10,-37.50,Queda,1.90,3.33
27/07/2020,616,97079,81338,0,0.00,7,3224,813,0.82,-28.75,Queda,11,-31.25,Queda,1.14,3.32
28/07/2020,1039,98118,81338,0,0.00,12,3236,851,0.91,-8.00,Estabilidade,10,-37.50,Queda,1.15,3.30
29/07/2020,1975,100093,81338,0,0.00,10,3246,1053,1.28,7.45,Estabilidade,9,-43.75,Queda,0.51,3.24
30/07/2020,47,100140,81338,0,0.00,6,3252,846,0.96,-11.69,Estabilidade,8,-50.00,Queda,12.77,3.25
31/07/2020,800,100940,81338,0,0.00,16,3268,788,0.84,-12.64,Estabilidade,10,-37.50,Queda,2.00,3.24
01/08/2020,837,101777,81338,0,0.00,10,3278,812,1.02,-22.15,Queda,10,-33.33,Queda,1.19,3.22
02/08/2020,347,102124,81338,0,0.00,5,3283,809,1.02,-23.32,Queda,9,-43.75,Queda,1.44,3.21
03/08/2020,262,102386,81338,0,0.00,5,3288,758,0.93,-23.97,Queda,9,-35.71,Queda,1.91,3.21
04/08/2020,883,103269,81338,0,0.00,11,3299,736,0.86,-21.03,Queda,9,-40.00,Queda,1.25,3.19
05/08/2020,981,104250,81338,0,0.00,18,3317,594,0.56,-28.00,Queda,10,-33.33,Queda,1.83,3.18
06/08/2020,804,105054,81338,0,0.00,18,3335,702,0.83,-20.68,Queda,12,-14.29,Estabilidade,2.24,3.17
07/08/2020,803,105857,81338,0,0.00,10,3345,702,0.89,-25.56,Queda,11,-8.33,Estabilidade,1.25,3.16
08/08/2020,571,106428,81338,0,0.00,19,3364,664,0.82,-16.37,Queda,12,0.00,Estabilidade,3.33,3.16
09/08/2020,522,106950,81338,0,0.00,-5,3359,689,0.85,-13.11,Estabilidade,11,10.00,Estabilidade,-0.96,3.14
10/08/2020,247,107197,81338,0,0.00,25,3384,687,0.91,-15.50,Queda,14,27.27,Alta,10.12,3.16
11/08/2020,908,108105,81338,0,0.00,21,3405,691,0.94,-18.80,Queda,15,50.00,Alta,2.31,3.15
12/08/2020,815,108920,81338,0,0.00,12,3417,667,1.12,-36.66,Queda,14,55.56,Alta,1.47,3.14
13/08/2020,882,109802,81338,0,0.00,18,3435,678,0.97,-19.86,Queda,14,75.00,Alta,2.04,3.13
14/08/2020,975,110777,81338,0,0.00,20,3455,703,1.00,-10.79,Estabilidade,16,60.00,Alta,2.05,3.12
15/08/2020,464,111241,81338,0,0.00,8,3463,688,1.04,-15.27,Queda,14,40.00,Alta,1.72,3.11
16/08/2020,671,111912,81338,0,0.00,20,3483,709,1.03,-12.36,Estabilidade,18,100.00,Alta,2.98,3.11
17/08/2020,351,112263,81338,0,0.00,22,3505,724,1.05,-4.49,Estabilidade,17,88.89,Alta,6.27,3.12
18/08/2020,618,112881,81338,0,0.00,19,3524,682,0.99,-7.34,Estabilidade,17,88.89,Alta,3.07,3.12
19/08/2020,711,113592,81338,0,0.00,13,3537,667,1.00,12.29,Estabilidade,17,70.00,Alta,1.83,3.11
20/08/2020,743,114335,81338,0,0.00,14,3551,648,0.96,-7.69,Estabilidade,17,41.67,Alta,1.88,3.11
21/08/2020,457,114792,81338,0,0.00,5,3556,574,0.82,-18.23,Queda,14,27.27,Alta,1.09,3.10
22/08/2020,577,115369,81338,0,0.00,1,3557,590,0.86,-11.14,Estabilidade,13,8.33,Estabilidade,0.17,3.08
23/08/2020,246,115615,81338,0,0.00,6,3563,529,0.75,-23.22,Queda,11,0.00,Estabilidade,2.44,3.08
24/08/2020,177,115792,81338,0,0.00,15,3578,504,0.70,-26.64,Queda,10,-28.57,Queda,8.47,3.09
25/08/2020,787,116579,81338,0,0.00,10,3588,528,0.77,-23.59,Queda,9,-40.00,Queda,1.27,3.08
26/08/2020,833,117412,81338,0,0.00,12,3600,546,0.82,-18.14,Queda,9,-35.71,Queda,1.44,3.07
27/08/2020,671,118083,81338,0,0.00,16,3616,535,0.83,-21.09,Queda,9,-35.71,Queda,2.38,3.06
28/08/2020,761,118844,81338,0,0.00,13,3629,579,1.01,-17.64,Queda,10,-37.50,Queda,1.71,3.05
29/08/2020,1015,119859,81338,0,0.00,5,3634,641,1.09,-6.83,Estabilidade,11,-21.43,Queda,0.49,3.03
30/08/2020,201,120060,81338,0,0.00,5,3639,635,1.20,-10.44,Estabilidade,11,-38.89,Queda,2.49,3.03
31/08/2020,236,120296,81338,0,0.00,10,3649,643,1.28,-11.19,Estabilidade,10,-41.18,Queda,4.24,3.03
01/09/2020,623,120919,81338,0,0.00,12,3661,620,1.17,-9.09,Estabilidade,10,-41.18,Queda,1.93,3.03
02/09/2020,874,121793,81338,0,0.00,137,3798,626,1.15,-6.15,Estabilidade,28,64.71,Alta,15.68,3.12
03/09/2020,727,122520,81338,0,0.00,30,3828,634,1.19,-2.16,Estabilidade,30,76.47,Alta,4.13,3.12
04/09/2020,667,123187,81338,0,0.00,13,3841,620,1.07,8.01,Estabilidade,30,114.29,Alta,1.95,3.12
05/09/2020,539,123726,81338,0,0.00,0,3841,552,0.86,-6.44,Estabilidade,30,130.77,Alta,0.00,3.10
06/09/2020,85,123811,81338,0,0.00,6,3847,536,0.84,1.32,Estabilidade,30,172.73,Alta,7.06,3.11
07/09/2020,94,123905,81338,0,0.00,2,3849,516,0.80,2.38,Estabilidade,29,190.00,Alta,2.13,3.11
08/09/2020,318,124223,81338,0,0.00,6,3855,472,0.76,-10.61,Estabilidade,28,211.11,Alta,1.89,3.10
09/09/2020,736,124959,81338,0,0.00,7,3862,452,0.72,-17.22,Queda,9,0.00,Estabilidade,0.95,3.09
10/09/2020,701,125660,81338,0,0.00,12,3874,449,0.71,-16.07,Queda,7,-22.22,Queda,1.71,3.08
11/09/2020,763,126423,81338,0,0.00,9,3883,462,0.75,-20.21,Queda,6,-40.00,Queda,1.18,3.07
12/09/2020,516,126939,81338,0,0.00,5,3888,459,0.83,-28.39,Queda,7,-36.36,Queda,0.97,3.06
13/09/2020,193,127132,81338,0,0.00,4,3892,474,0.88,-25.35,Queda,6,-45.45,Queda,2.07,3.06
14/09/2020,275,127407,81338,0,0.00,6,3898,500,0.97,-22.24,Queda,7,-30.00,Queda,2.18,3.06
15/09/2020,743,128150,81338,0,0.00,9,3907,561,1.19,-9.52,Estabilidade,7,-30.00,Queda,1.21,3.05
16/09/2020,701,128851,81338,0,0.00,13,3920,556,1.23,-11.18,Estabilidade,8,-71.43,Queda,1.85,3.04
17/09/2020,650,129501,81338,0,0.00,11,3931,549,1.22,-13.41,Estabilidade,8,-73.33,Queda,1.69,3.04
18/09/2020,858,130359,81338,0,0.00,19,3950,562,1.22,-9.35,Estabilidade,10,-66.67,Queda,2.21,3.03
19/09/2020,1214,131573,81338,0,0.00,6,3956,662,1.44,19.93,Alta,10,-66.67,Queda,0.49,3.01
20/09/2020,184,131757,81338,0,0.00,3,3959,661,1.39,23.32,Alta,10,-66.67,Queda,1.63,3.00
21/09/2020,163,131920,81338,0,0.00,5,3964,645,1.29,25.00,Alta,9,-68.97,Queda,3.07,3.00
22/09/2020,767,132687,81338,0,0.00,3,3967,648,1.16,37.29,Alta,9,-67.86,Queda,0.39,2.99
23/09/2020,726,133413,81338,0,0.00,17,3984,652,1.17,44.25,Alta,9,0.00,Estabilidade,2.34,2.99
24/09/2020,876,134289,81338,0,0.00,8,3992,684,1.25,52.34,Alta,9,28.57,Alta,0.91,2.97
25/09/2020,916,135205,81338,0,0.00,8,4000,692,1.23,49.78,Alta,7,16.67,Alta,0.87,2.96
26/09/2020,964,136169,81338,0,0.00,22,4022,657,0.99,43.14,Alta,9,28.57,Alta,2.28,2.95
27/09/2020,247,136416,81338,0,0.00,5,4027,666,1.01,40.51,Alta,10,66.67,Alta,2.02,2.95
28/09/2020,292,136708,81338,0,0.00,4,4031,684,1.06,36.80,Alta,10,42.86,Alta,1.37,2.95
29/09/2020,1256,137964,81338,0,0.00,4,4035,754,1.16,34.40,Alta,10,42.86,Alta,0.32,2.92
30/09/2020,1362,139326,81338,0,0.00,121,4156,845,1.30,51.98,Alta,25,212.50,Alta,8.88,2.98
01/10/2020,914,140240,81338,0,0.00,3,4159,850,1.24,54.83,Alta,24,200.00,Alta,0.33,2.97
02/10/2020,959,141199,81338,0,0.00,3,4162,856,1.24,52.31,Alta,23,130.00,Alta,0.31,2.95
03/10/2020,938,142137,81338,0,0.00,7,4169,853,1.30,28.85,Alta,21,110.00,Alta,0.75,2.93
04/10/2020,245,142382,81338,0,0.00,7,4176,852,1.28,28.90,Alta,21,110.00,Alta,2.86,2.93
05/10/2020,191,142573,81338,0,0.00,9,4185,838,1.23,29.92,Alta,22,144.44,Alta,4.71,2.94
06/10/2020,998,143571,81338,0,0.00,8,4193,801,1.06,23.61,Alta,23,155.56,Alta,0.80,2.92
07/10/2020,921,144492,81338,0,0.00,9,4202,738,0.87,13.19,Estabilidade,7,-22.22,Queda,0.98,2.91
08/10/2020,875,145367,81338,0,0.00,13,4215,732,0.86,7.02,Estabilidade,8,-11.11,Estabilidade,1.49,2.90
09/10/2020,866,146233,81338,0,0.00,7,4222,719,0.84,3.90,Estabilidade,9,28.57,Alta,0.81,2.89
10/10/2020,805,147038,81338,0,0.00,13,4235,700,0.82,6.54,Estabilidade,9,0.00,Estabilidade,1.61,2.88
11/10/2020,419,147457,81338,0,0.00,4,4239,725,0.85,8.86,Estabilidade,9,-10.00,Estabilidade,0.95,2.87
12/10/2020,8,147465,81338,0,0.00,8,4247,699,0.83,2.19,Estabilidade,9,-10.00,Estabilidade,100.00,2.88
13/10/2020,399,147864,81338,0,0.00,7,4254,613,0.77,-18.70,Queda,9,-10.00,Estabilidade,1.75,2.88
14/10/2020,654,148518,81338,0,0.00,14,4268,575,0.78,-31.95,Queda,9,-64.00,Queda,2.14,2.87
15/10/2020,848,149366,81338,0,0.00,21,4289,571,0.78,-32.82,Queda,11,-54.17,Queda,2.48,2.87
16/10/2020,418,149784,81338,0,0.00,16,4305,507,0.71,-40.77,Queda,12,-47.83,Queda,3.83,2.87
17/10/2020,1402,151186,81338,0,0.00,20,4325,593,0.85,-30.48,Queda,13,-38.10,Queda,1.43,2.86
18/10/2020,411,151597,81338,0,0.00,7,4332,591,0.82,-30.63,Queda,13,-38.10,Queda,1.70,2.86
19/10/2020,261,151858,81338,0,0.00,18,4350,628,0.90,-25.06,Queda,15,-31.82,Queda,6.90,2.86
20/10/2020,938,152796,81338,0,0.00,13,4363,705,1.15,-11.99,Estabilidade,16,-30.43,Queda,1.39,2.86
21/10/2020,1669,154465,81338,0,0.00,8,4371,850,1.48,15.18,Alta,15,114.29,Alta,0.48,2.83
22/10/2020,765,155230,81338,0,0.00,25,4396,838,1.47,14.48,Estabilidade,15,87.50,Alta,3.27,2.83
23/10/2020,966,156196,81338,0,0.00,30,4426,916,1.81,27.40,Alta,17,88.89,Alta,3.11,2.83
24/10/2020,779,156975,81338,0,0.00,7,4433,827,1.39,18.14,Alta,15,66.67,Alta,0.90,2.82
25/10/2020,349,157324,81338,0,0.00,13,4446,818,1.38,12.83,Estabilidade,16,77.78,Alta,3.72,2.83
26/10/2020,344,157668,81338,0,76.58,14,4460,830,1.32,18.74,Alta,16,77.78,Alta,4.07,2.83
27/10/2020,1050,158718,81338,0,65.14,18,4478,846,1.20,38.01,Alta,16,77.78,Alta,1.71,2.82
28/10/2020,865,159583,81338,0,65.14,13,4491,731,0.86,27.13,Alta,17,88.89,Alta,1.50,2.81
29/10/2020,1013,160596,81338,0,65.14,25,4516,767,0.92,34.33,Alta,17,54.55,Alta,2.47,2.81
30/10/2020,838,161434,81338,0,65.14,12,4528,748,0.82,47.53,Alta,15,25.00,Alta,1.43,2.80
31/10/2020,249,161683,81338,0,65.14,15,4543,673,0.81,13.49,Estabilidade,16,23.08,Alta,6.02,2.81
01/11/2020,291,161974,81338,0,65.14,12,4555,664,0.81,12.35,Estabilidade,16,23.08,Alta,4.12,2.81
02/11/2020,165,162139,81338,0,63.90,10,4565,639,0.77,1.75,Estabilidade,15,0.00,Estabilidade,6.06,2.82
03/11/2020,421,162560,81338,0,63.90,8,4573,549,0.65,-22.13,Queda,14,-12.50,Estabilidade,1.90,2.81
04/11/2020,839,163399,81338,0,63.90,15,4588,545,0.75,-35.88,Queda,14,-6.67,Estabilidade,1.79,2.81
05/11/2020,671,164070,81338,0,70.48,19,4607,496,0.65,-40.81,Queda,13,-13.33,Estabilidade,2.83,2.81
06/11/2020,0,164070,81338,0,70.48,0,4607,377,0.50,-58.84,Queda,11,-35.29,Queda,0,2.81
07/11/2020,1324,165394,81338,0,70.48,15,4622,530,0.79,-35.91,Queda,11,-26.67,Queda,1.13,2.79
08/11/2020,270,165664,81338,0,70.48,3,4625,527,0.79,-35.57,Queda,10,-37.50,Queda,1.11,2.79
09/11/2020,305,165969,81338,0,74.36,19,4644,547,0.86,-34.10,Queda,11,-31.25,Queda,6.23,2.80
10/11/2020,802,166771,81338,0,74.36,6,4650,602,1.10,-28.84,Queda,11,-31.25,Queda,0.75,2.79
11/11/2020,0,166771,81338,0,74.36,0,4650,482,0.88,-34.06,Queda,9,-47.06,Queda,0,2.79
12/11/2020,715,167486,81338,0,73.04,5,4655,488,0.98,-36.38,Queda,7,-58.82,Queda,0.70,2.78
13/11/2020,1110,168596,81338,0,73.04,28,4683,647,1.72,-13.50,Estabilidade,11,-26.67,Queda,2.52,2.78
14/11/2020,569,169165,81338,0,73.04,10,4693,539,1.02,-19.91,Queda,10,-37.50,Queda,1.76,2.77
15/11/2020,168,169333,81338,0,73.28,4,4697,524,0.99,-21.08,Queda,10,-37.50,Queda,2.38,2.77
16/11/2020,219,169552,81338,0,73.28,3,4700,512,0.94,-19.87,Queda,8,-46.67,Queda,1.37,2.77
17/11/2020,906,170458,81338,0,73.28,23,4723,527,0.88,-4.01,Estabilidade,10,-28.57,Queda,2.54,2.77
18/11/2020,703,171161,81338,0,73.28,5,4728,627,1.30,15.05,Alta,11,-21.43,Queda,0.71,2.76
19/11/2020,957,172118,81338,0,73.28,13,4741,662,1.36,33.47,Alta,12,-7.69,Estabilidade,1.36,2.75
20/11/2020,740,172858,81338,0,71.78,20,4761,609,0.94,61.54,Alta,11,0.00,Estabilidade,2.70,2.75
21/11/2020,488,173346,81338,0,71.78,10,4771,597,1.11,12.64,Estabilidade,11,0.00,Estabilidade,2.05,2.75
22/11/2020,131,173477,81338,0,77.14,8,4779,592,1.13,12.33,Estabilidade,12,20.00,Alta,6.11,2.75
23/11/2020,303,173780,81338,0,77.14,18,4797,604,1.18,10.42,Estabilidade,14,27.27,Alta,5.94,2.76
24/11/2020,799,174579,81338,0,77.14,21,4818,589,1.12,-2.16,Estabilidade,14,27.27,Alta,2.63,2.76
25/11/2020,719,175298,81338,0,73.25,8,4826,591,0.94,22.61,Alta,14,55.56,Alta,1.11,2.75
26/11/2020,916,176214,81338,0,86.00,30,4856,585,0.88,19.88,Alta,16,128.57,Alta,3.28,2.76
27/11/2020,928,177142,81338,0,86.00,13,4869,612,1.00,-5.41,Estabilidade,15,36.36,Alta,1.40,2.75
28/11/2020,658,177800,81338,0,86.00,7,4876,636,1.07,18.00,Alta,15,50.00,Alta,1.06,2.74
29/11/2020,191,177991,81338,0,86.00,9,4885,645,1.09,23.09,Alta,15,50.00,Alta,4.71,2.74
30/11/2020,209,178200,81338,0,86.00,9,4894,631,1.04,23.24,Alta,14,75.00,Alta,4.31,2.75
01/12/2020,1065,179265,81338,0,81.33,2,4896,669,1.14,26.94,Alta,11,10.00,Estabilidade,0.19,2.73
02/12/2020,698,179963,81338,0,81.33,16,4912,666,1.13,6.22,Estabilidade,12,9.09,Estabilidade,2.29,2.73
03/12/2020,879,180842,81338,0,81.33,20,4932,661,1.13,-0.15,Estabilidade,11,-8.33,Estabilidade,2.28,2.73
04/12/2020,789,181631,81338,0,78.57,4,4936,641,1.05,5.25,Estabilidade,10,-9.09,Estabilidade,0.51,2.72
05/12/2020,706,182337,81338,0,78.57,10,4946,648,1.02,8.54,Estabilidade,10,-9.09,Estabilidade,1.42,2.71
06/12/2020,331,182668,81338,0,78.57,5,4951,668,1.04,12.84,Estabilidade,9,-25.00,Queda,1.51,2.71
07/12/2020,207,182875,81338,0,78.57,13,4964,668,1.06,10.60,Estabilidade,10,-28.57,Queda,6.28,2.71
08/12/2020,955,183830,81338,0,78.57,5,4969,652,0.97,10.70,Estabilidade,10,-28.57,Queda,0.52,2.70
09/12/2020,438,184268,81338,0,78.57,4,4973,615,0.92,4.06,Estabilidade,9,-35.71,Queda,0.91,2.70
10/12/2020,821,185089,81338,0,80.72,5,4978,607,0.92,3.76,Estabilidade,7,-56.25,Queda,0.61,2.69
11/12/2020,843,185932,81338,0,80.72,9,4987,614,0.96,0.33,Estabilidade,7,-53.33,Queda,1.07,2.68
12/12/2020,342,186274,81338,0,83.40,11,4998,562,0.87,-11.64,Estabilidade,7,-53.33,Queda,3.22,2.68
13/12/2020,554,186828,81338,0,83.40,3,5001,594,0.89,-7.91,Estabilidade,7,-53.33,Queda,0.54,2.68
14/12/2020,451,187279,81338,0,85.60,10,5011,629,0.94,-0.32,Estabilidade,7,-50.00,Queda,2.22,2.68
15/12/2020,651,187930,81338,0,85.60,15,5026,586,0.90,-12.41,Estabilidade,8,-27.27,Queda,2.30,2.67
16/12/2020,988,188918,81338,0,85.60,10,5036,664,1.08,-0.30,Estabilidade,9,-25.00,Queda,1.01,2.67
17/12/2020,894,189812,81338,0,86.55,13,5049,675,1.11,2.12,Estabilidade,10,-9.09,Estabilidade,1.45,2.66
18/12/2020,1156,190968,81338,0,86.55,13,5062,719,1.17,12.17,Estabilidade,11,10.00,Estabilidade,1.12,2.65
19/12/2020,706,191674,81338,0,80.21,14,5076,771,1.37,18.98,Alta,11,10.00,Estabilidade,1.98,2.65
20/12/2020,302,191976,81338,0,80.21,9,5085,735,1.24,10.03,Estabilidade,12,33.33,Alta,2.98,2.65
21/12/2020,351,192327,81338,0,82.35,9,5094,721,1.15,7.93,Estabilidade,12,20.00,Alta,2.56,2.65
22/12/2020,1217,193544,81338,0,82.35,17,5111,802,1.37,23.01,Alta,12,20.00,Alta,1.40,2.64
23/12/2020,862,194406,81338,0,82.35,22,5133,784,1.18,27.48,Alta,14,55.56,Alta,2.55,2.64
24/12/2020,999,195405,81338,0,82.35,18,5151,799,1.18,31.63,Alta,15,114.29,Alta,1.80,2.64
25/12/2020,401,195806,81338,0,82.35,10,5161,691,0.96,12.54,Estabilidade,14,100.00,Alta,2.49,2.64
26/12/2020,201,196007,81338,0,89.58,12,5173,619,0.80,10.14,Estabilidade,14,100.00,Alta,5.97,2.64
27/12/2020,429,196436,81338,0,90.48,17,5190,637,0.87,7.24,Estabilidade,15,114.29,Alta,3.96,2.64
28/12/2020,318,196754,81338,0,90.48,16,5206,632,0.88,0.48,Estabilidade,16,128.57,Alta,5.03,2.65
29/12/2020,1447,198201,81338,0,90.48,26,5232,665,0.83,13.48,Estabilidade,17,112.50,Alta,1.80,2.64
30/12/2020,1369,199570,81338,0,84.78,26,5258,738,0.94,11.14,Estabilidade,18,100.00,Alta,1.90,2.63
31/12/2020,1443,201013,81338,0,84.78,27,5285,801,1.00,18.67,Alta,19,90.00,Alta,1.87,2.63
01/01/2021,541,201554,81338,0,89.06,10,5295,821,1.19,14.19,Estabilidade,19,72.73,Alta,1.85,2.63
02/01/2021,313,201867,81338,0,89.06,30,5325,837,1.35,8.56,Estabilidade,22,100.00,Alta,9.58,2.64
03/01/2021,546,202413,81338,0,89.06,20,5345,854,1.34,16.19,Alta,22,83.33,Alta,3.66,2.64
04/01/2021,0,202413,81338,0,90.00,0,5345,808,1.28,12.07,Estabilidade,20,66.67,Alta,0,2.64
05/01/2021,2487,204900,81338,0,90.00,69,5414,957,1.44,19.33,Alta,26,116.67,Alta,2.77,2.64
06/01/2021,2192,207092,81338,0,90.00,86,5500,1075,1.46,37.12,Alta,35,150.00,Alta,3.92,2.66
07/01/2021,1706,208798,81338,0,90.00,46,5546,1112,1.39,39.17,Alta,37,146.67,Alta,2.70,2.66
08/01/2021,0,208798,81338,0,90.00,0,5546,1035,1.26,49.78,Alta,36,157.14,Alta,0,2.66
09/01/2021,4198,212996,81338,0,90.00,123,5669,1590,1.90,156.87,Alta,49,250.00,Alta,2.93,2.66
10/01/2021,965,213961,81338,0,91.16,32,5701,1650,1.93,159.03,Alta,51,240.00,Alta,3.32,2.66
11/01/2021,2151,216112,81338,0,91.16,55,5756,1957,2.42,209.65,Alta,59,268.75,Alta,2.56,2.66
12/01/2021,1958,218070,81338,0,91.16,54,5810,1881,1.97,182.86,Alta,57,235.29,Alta,2.76,2.66
13/01/2021,1474,219544,81338,0,91.16,69,5879,1779,1.65,141.06,Alta,54,200.00,Alta,4.68,2.68
14/01/2021,3816,223360,81338,0,91.16,51,5930,2080,1.87,159.68,Alta,55,189.47,Alta,1.34,2.65
15/01/2021,3151,226511,81338,0,91.16,113,6043,2530,2.44,208.16,Alta,71,273.68,Alta,3.59,2.67
16/01/2021,2856,229367,81338,0,91.16,80,6123,2339,1.47,179.45,Alta,65,195.45,Alta,2.80,2.67
17/01/2021,1277,230644,81338,0,91.16,68,6191,2383,1.44,179.04,Alta,70,218.18,Alta,5.32,2.68
18/01/2021,1790,232434,81338,0,100.00,117,6308,2332,1.19,188.61,Alta,79,295.00,Alta,6.54,2.71
19/01/2021,1537,233971,81338,0,100.00,142,6450,2272,1.21,137.41,Alta,91,250.00,Alta,9.24,2.76
20/01/2021,5009,238980,81338,0,100.00,148,6598,2777,1.56,158.33,Alta,103,194.29,Alta,2.95,2.76
21/01/2021,2202,241182,81338,0,100.00,159,6757,2546,1.22,128.96,Alta,118,218.92,Alta,7.22,2.80
22/01/2021,3975,245157,81338,0,100.00,132,6889,2664,1.05,157.39,Alta,121,236.11,Alta,3.32,2.81
23/01/2021,3404,248561,81338,0,100.00,162,7051,2742,1.17,72.45,Alta,133,171.43,Alta,4.76,2.84
24/01/2021,1152,249713,81338,0,100.00,95,7146,2724,1.14,65.09,Alta,136,166.67,Alta,8.25,2.86
25/01/2021,1222,250935,81338,0,100.00,86,7232,2643,1.13,35.05,Alta,132,123.73,Alta,7.04,2.88
26/01/2021,3525,254460,81338,0,100.00,192,7424,2927,1.29,55.61,Alta,139,143.86,Alta,5.45,2.92
27/01/2021,3146,257606,81338,0,100.00,136,7560,2661,0.96,49.58,Alta,137,153.70,Alta,4.32,2.93
28/01/2021,1852,259458,81338,0,100.00,113,7673,2611,1.03,25.53,Alta,131,138.18,Alta,6.10,2.96
29/01/2021,2116,261574,81338,0,100.00,120,7793,2345,0.88,-7.31,Estabilidade,129,81.69,Alta,5.67,2.98
30/01/2021,4420,265994,81338,0,100.00,225,8018,2490,0.91,6.46,Estabilidade,138,112.31,Alta,5.09,3.01
31/01/2021,1400,267394,81338,0,100.00,99,8117,2526,0.93,6.00,Estabilidade,139,98.57,Alta,7.07,3.04
01/02/2021,1323,268717,81338,0,100.00,149,8266,2540,0.96,8.92,Estabilidade,148,87.34,Alta,11.26,3.08
02/02/2021,2460,271177,81338,0,100.00,148,8414,2388,0.82,5.11,Estabilidade,141,54.95,Alta,6.02,3.10
03/02/2021,2685,273862,81338,0,100.00,150,8564,2322,0.87,-16.38,Queda,143,38.83,Alta,5.59,3.13
04/02/2021,2689,276551,81338,0,100.00,152,8716,2442,0.94,-4.08,Estabilidade,149,26.27,Alta,5.65,3.15
05/02/2021,2238,278789,81338,0,100.00,99,8815,2459,1.05,-7.70,Estabilidade,146,20.66,Alta,4.42,3.16
06/02/2021,2965,281754,81338,0,100.00,119,8934,2251,0.90,-17.91,Queda,131,-1.50,Estabilidade,4.01,3.17
07/02/2021,985,282739,81338,0,100.00,69,9003,2192,0.87,-19.53,Queda,127,-6.62,Estabilidade,7.01,3.18
08/02/2021,919,283658,81338,0,100.00,113,9116,2134,0.84,-19.26,Queda,121,-8.33,Estabilidade,12.30,3.21
09/02/2021,1442,285100,81338,0,100.00,169,9285,1989,0.83,-32.05,Queda,124,-10.79,Estabilidade,11.72,3.26
10/02/2021,2744,287844,81338,0,100.00,167,9452,1997,0.86,-24.95,Queda,127,-7.30,Estabilidade,6.09,3.28
11/02/2021,2205,290049,81338,0,100.00,167,9619,1928,0.79,-26.16,Queda,129,-1.53,Estabilidade,7.57,3.32
12/02/2021,2445,292494,81338,0,100.00,134,9753,1958,0.80,-16.50,Queda,134,3.88,Estabilidade,5.48,3.33
13/02/2021,1828,294322,81338,0,100.00,66,9819,1795,0.80,-27.91,Queda,126,-8.70,Estabilidade,3.61,3.34
14/02/2021,632,294954,81338,0,100.00,53,9872,1745,0.80,-30.92,Queda,124,-10.79,Estabilidade,8.39,3.35
15/02/2021,925,295879,81338,0,100.00,120,9992,1746,0.82,-31.26,Queda,125,-15.54,Queda,12.97,3.38
16/02/2021,1808,297687,81338,0,100.00,108,10100,1798,0.90,-24.71,Queda,116,-17.73,Queda,5.97,3.39
17/02/2021,1808,299495,81338,0,100.00,81,10181,1664,0.83,-28.34,Queda,104,-27.27,Queda,4.48,3.40
18/02/2021,2141,301636,81338,0,100.00,105,10286,1655,0.86,-32.23,Queda,95,-36.24,Queda,4.90,3.41
19/02/2021,1950,303586,81338,0,100.00,73,10359,1585,0.81,-35.54,Queda,87,-40.41,Queda,3.74,3.41
20/02/2021,1664,305250,81338,0,100.00,50,10409,1561,0.87,-30.65,Queda,84,-35.88,Queda,3.00,3.41
21/02/2021,753,306003,81338,0,100.00,53,10462,1578,0.90,-28.01,Queda,84,-33.86,Queda,7.04,3.42
22/02/2021,1161,307164,81338,0,100.00,60,10522,1612,0.92,-24.46,Queda,76,-37.19,Queda,5.17,3.43
23/02/2021,2147,309311,81338,0,100.00,51,10573,1661,0.92,-16.49,Queda,68,-45.16,Queda,2.38,3.42
24/02/2021,1608,310919,81338,0,100.00,69,10642,1632,0.98,-18.28,Queda,66,-48.03,Queda,4.29,3.42
25/02/2021,1420,312339,81338,0,100.00,86,10728,1529,0.92,-20.70,Queda,63,-51.16,Queda,6.06,3.43
26/02/2021,1572,313911,81338,0,100.00,56,10784,1475,0.93,-24.67,Queda,61,-54.48,Queda,3.56,3.44
27/02/2021,1688,315599,81338,0,100.00,47,10831,1478,0.95,-17.66,Queda,60,-52.38,Queda,2.78,3.43
28/02/2021,367,315966,81338,0,100.00,29,10860,1423,0.90,-18.45,Queda,57,-54.03,Queda,7.90,3.44
01/03/2021,702,316668,81338,0,100.00,78,10938,1358,0.84,-22.22,Queda,59,-52.80,Queda,11.11,3.45
02/03/2021,1576,318244,81338,0,100.00,74,11012,1276,0.77,-29.03,Queda,63,-45.69,Queda,4.70,3.46
03/03/2021,704,318948,81338,0,82.00,75,11087,1147,0.70,-31.07,Queda,64,-38.46,Queda,10.65,3.48
04/03/2021,924,319872,81338,0,82.00,85,11172,1076,0.70,-34.98,Queda,63,-33.68,Queda,9.20,3.49
05/03/2021,2355,322227,81338,0,82.00,57,11229,1188,0.81,-25.05,Queda,64,-26.44,Queda,2.42,3.48
06/03/2021,1383,323610,81338,0,82.00,11,11240,1144,0.77,-26.71,Queda,58,-30.95,Queda,0.80,3.47
07/03/2021,493,324103,81338,0,82.00,22,11262,1162,0.82,-26.36,Queda,57,-32.14,Queda,4.46,3.47
08/03/2021,461,324564,81338,0,82.00,26,11288,1128,0.83,-30.02,Queda,50,-34.21,Queda,5.64,3.48
09/03/2021,1610,326174,81338,0,82.00,53,11341,1133,0.89,-31.79,Queda,47,-30.88,Queda,3.29,3.48
10/03/2021,1349,327523,81338,0,82.00,47,11388,1225,1.07,-24.94,Queda,43,-34.85,Queda,3.48,3.48
11/03/2021,1240,328763,81338,0,82.00,43,11431,1270,1.18,-16.94,Queda,37,-41.27,Queda,3.47,3.48
12/03/2021,1247,330010,81338,0,82.00,51,11482,1112,0.94,-24.61,Queda,36,-40.98,Queda,4.09,3.48
13/03/2021,1162,331172,81338,0,85.91,34,11516,1080,0.94,-26.93,Queda,39,-35.00,Queda,2.93,3.48
14/03/2021,596,331768,81338,0,85.91,23,11539,1095,0.94,-23.05,Queda,40,-29.82,Queda,3.86,3.48
15/03/2021,541,332309,81338,0,85.91,34,11573,1106,0.98,-18.56,Queda,41,-30.51,Queda,6.28,3.48
16/03/2021,1299,333608,81338,0,85.91,50,11623,1062,0.94,-16.77,Queda,40,-36.51,Queda,3.85,3.48
17/03/2021,824,334432,81338,0,85.91,49,11672,987,0.81,-13.95,Estabilidade,41,-35.94,Queda,5.95,3.49
18/03/2021,962,335394,81338,0,85.91,36,11708,947,0.75,-11.99,Estabilidade,40,-36.51,Queda,3.74,3.49
19/03/2021,1957,337351,81338,0,85.91,35,11743,1049,0.94,-11.70,Estabilidade,37,-42.19,Queda,1.79,3.48
20/03/2021,1025,338376,81338,0,85.91,32,11775,1029,0.95,-10.05,Estabilidade,37,-36.21,Queda,3.12,3.48
21/03/2021,367,338743,81338,0,85.91,16,11791,996,0.91,-14.29,Estabilidade,36,-36.84,Queda,4.36,3.48
22/03/2021,767,339510,81338,0,85.91,27,11818,1029,0.93,-8.78,Estabilidade,35,-30.00,Queda,3.52,3.48
23/03/2021,1275,340785,81338,0,85.91,18,11836,1025,0.97,-9.53,Estabilidade,30,-36.17,Queda,1.41,3.47
24/03/2021,1183,341968,81338,0,85.91,24,11860,1077,1.09,-12.08,Estabilidade,27,-37.21,Queda,2.03,3.47
25/03/2021,1165,343133,81338,0,85.91,33,11893,1106,1.17,-12.91,Estabilidade,26,-29.73,Queda,2.83,3.47
26/03/2021,1091,344224,81338,0,85.91,24,11917,982,0.94,-11.69,Estabilidade,25,-30.56,Queda,2.20,3.46
27/03/2021,1112,345336,81338,0,85.91,22,11939,994,0.97,-7.96,Estabilidade,23,-41.03,Queda,1.98,3.46
28/03/2021,474,345810,81338,0,85.91,13,11952,1010,1.01,-7.76,Estabilidade,23,-42.50,Queda,2.74,3.46
29/03/2021,510,346320,81338,0,85.91,22,11974,973,0.95,-12.03,Estabilidade,22,-46.34,Queda,4.31,3.46
30/03/2021,1490,347810,81338,0,85.91,23,11997,1004,0.98,-5.46,Estabilidade,23,-42.50,Queda,1.54,3.45
31/03/2021,1313,349123,81338,0,78.30,18,12015,1022,0.95,3.55,Estabilidade,22,-46.34,Queda,1.37,3.44
01/04/2021,1165,350288,81338,0,78.30,16,12031,1022,0.92,7.92,Estabilidade,20,-50.00,Queda,1.37,3.43
02/04/2021,830,351118,81338,0,78.30,17,12048,985,1.00,-6.10,Estabilidade,19,-48.65,Queda,2.05,3.43
03/04/2021,746,351864,81338,0,78.30,13,12061,933,0.94,-9.33,Estabilidade,17,-54.05,Queda,1.74,3.43
04/04/2021,448,352312,81338,0,78.30,11,12072,929,0.92,-6.73,Estabilidade,17,-52.78,Queda,2.46,3.43
05/04/2021,664,352976,81338,0,78.30,35,12107,951,0.98,-7.58,Estabilidade,19,-45.71,Queda,5.27,3.43
06/04/2021,953,353929,81338,0,79.63,29,12136,874,0.87,-14.73,Estabilidade,20,-33.33,Queda,3.04,3.43
07/04/2021,1098,355027,81338,0,79.63,41,12177,843,0.82,-21.73,Queda,23,-14.81,Estabilidade,3.73,3.43
08/04/2021,960,355987,81338,0,79.63,25,12202,814,0.80,-26.40,Queda,24,-7.69,Estabilidade,2.60,3.43
09/04/2021,1172,357159,81338,0,79.63,24,12226,863,0.88,-12.12,Estabilidade,25,0.00,Estabilidade,2.05,3.42
10/04/2021,737,357896,81338,0,79.63,19,12245,862,0.92,-13.28,Estabilidade,26,13.04,Estabilidade,2.58,3.42
11/04/2021,535,358431,81338,0,79.63,12,12257,874,0.94,-13.47,Estabilidade,26,13.04,Estabilidade,2.24,3.42
12/04/2021,489,358920,81338,0,79.63,14,12271,849,0.89,-12.74,Estabilidade,23,4.55,Estabilidade,2.86,3.42
13/04/2021,995,359915,81338,0,79.63,23,12294,855,0.98,-14.84,Estabilidade,23,0.00,Estabilidade,2.31,3.42
14/04/2021,820,360735,81338,0,79.63,25,12319,815,0.97,-20.25,Queda,20,-9.09,Estabilidade,3.05,3.41
15/04/2021,893,361628,81338,0,79.63,18,12337,806,0.99,-21.14,Queda,19,-5.00,Estabilidade,2.02,3.41
16/04/2021,773,362401,81338,0,79.63,15,12352,749,0.87,-23.96,Queda,18,-5.26,Estabilidade,1.94,3.41
17/04/2021,701,363102,81338,0,79.63,10,12362,744,0.86,-20.26,Queda,17,0.00,Estabilidade,1.43,3.40
18/04/2021,484,363586,81338,0,79.63,9,12371,736,0.84,-20.78,Queda,16,-5.88,Estabilidade,1.86,3.40
19/04/2021,442,364028,81338,0,79.63,25,12396,730,0.86,-23.24,Queda,18,-5.26,Estabilidade,5.66,3.41
20/04/2021,734,364762,81338,0,79.63,35,12431,692,0.81,-20.82,Queda,20,0.00,Estabilidade,4.77,3.41
21/04/2021,671,365433,81338,0,79.63,23,12454,671,0.82,-20.40,Queda,19,-17.39,Queda,3.43,3.41
22/04/2021,536,365969,81338,0,79.63,20,12474,620,0.77,-23.83,Queda,20,-16.67,Queda,3.73,3.41
23/04/2021,829,366798,81338,0,79.63,20,12494,628,0.84,-27.23,Queda,20,-20.00,Queda,2.41,3.41
24/04/2021,544,367342,81338,0,79.63,12,12506,606,0.81,-29.70,Queda,21,-19.23,Queda,2.21,3.40
25/04/2021,371,367713,81338,0,79.63,11,12517,590,0.80,-32.49,Queda,21,-19.23,Queda,2.96,3.40
26/04/2021,426,368139,81338,0,79.63,11,12528,587,0.80,-30.86,Queda,19,-17.39,Queda,2.58,3.40
27/04/2021,715,368854,81338,0,79.63,34,12562,585,0.85,-31.58,Queda,19,-17.39,Queda,4.76,3.41
28/04/2021,634,369488,81338,0,79.63,25,12587,579,0.86,-28.96,Queda,19,-5.00,Estabilidade,3.94,3.41
29/04/2021,696,370184,81338,0,79.63,28,12615,602,0.97,-25.31,Queda,20,5.26,Estabilidade,4.02,3.41
30/04/2021,592,370776,81338,0,79.63,12,12627,568,0.90,-24.17,Queda,19,5.56,Estabilidade,2.03,3.41
01/05/2021,530,371306,81338,0,79.63,9,12636,566,0.93,-23.92,Queda,19,11.76,Estabilidade,1.70,3.40
02/05/2021,412,371718,81338,0,79.63,5,12641,572,0.97,-22.28,Queda,18,12.50,Estabilidade,1.21,3.40
03/05/2021,410,372128,81338,0,79.63,17,12658,570,0.97,-21.92,Queda,19,5.56,Estabilidade,4.15,3.40
04/05/2021,675,372803,81338,0,79.63,20,12678,564,0.96,-18.50,Queda,17,-15.00,Queda,2.96,3.40
05/05/2021,599,373402,81338,0,79.63,13,12691,559,0.97,-16.69,Queda,15,-21.05,Queda,2.17,3.40
06/05/2021,545,373947,81338,0,79.63,16,12707,538,0.89,-13.23,Estabilidade,13,-35.00,Queda,2.94,3.40
07/05/2021,630,374577,81338,0,79.63,9,12716,543,0.96,-13.54,Estabilidade,13,-35.00,Queda,1.43,3.39
08/05/2021,495,375072,81338,0,53.40,8,12724,538,0.95,-11.22,Estabilidade,13,-38.10,Queda,1.62,3.39
09/05/2021,211,375283,81338,0,53.40,4,12728,509,0.89,-13.73,Estabilidade,12,-42.86,Queda,1.90,3.39
10/05/2021,320,375603,81338,0,53.40,18,12746,496,0.87,-15.50,Queda,13,-31.58,Queda,5.63,3.39
11/05/2021,695,376298,81338,0,53.40,12,12758,499,0.88,-14.70,Estabilidade,11,-42.11,Queda,1.73,3.39
12/05/2021,595,376893,81338,0,53.40,17,12775,499,0.89,-13.82,Estabilidade,12,-36.84,Queda,2.86,3.39
13/05/2021,666,377559,81338,0,53.40,17,12792,516,0.96,-14.29,Estabilidade,12,-40.00,Queda,2.55,3.39
14/05/2021,579,378138,81338,0,53.40,16,12808,509,0.94,-10.39,Estabilidade,13,-31.58,Queda,2.76,3.39
15/05/2021,507,378645,81338,0,53.40,16,12824,510,0.95,-9.89,Estabilidade,14,-26.32,Queda,3.16,3.39
16/05/2021,210,378855,81338,0,53.40,7,12831,510,1.00,-10.84,Estabilidade,15,-16.67,Queda,3.33,3.39
17/05/2021,312,379167,81338,0,53.40,24,12855,509,1.03,-10.70,Estabilidade,16,-15.79,Queda,7.69,3.39
18/05/2021,663,379830,81338,0,53.40,24,12879,505,1.01,-10.46,Estabilidade,17,0.00,Estabilidade,3.62,3.39
19/05/2021,586,380416,81338,0,53.40,14,12893,503,1.01,-10.02,Estabilidade,17,13.33,Estabilidade,2.39,3.39
20/05/2021,620,381036,81338,0,53.40,10,12903,497,0.96,-7.62,Estabilidade,16,23.08,Alta,1.61,3.39
21/05/2021,599,381635,81338,0,53.40,9,12912,500,0.98,-7.92,Estabilidade,15,15.38,Alta,1.50,3.38
22/05/2021,515,382150,81338,0,53.40,3,12915,501,0.98,-6.88,Estabilidade,13,0.00,Estabilidade,0.58,3.38
23/05/2021,337,382487,81338,0,53.40,5,12920,519,1.02,1.96,Estabilidade,13,8.33,Estabilidade,1.48,3.38
24/05/2021,358,382845,81338,0,53.40,5,12925,525,1.03,5.85,Estabilidade,10,-23.08,Queda,1.40,3.38
25/05/2021,535,383380,81338,0,53.40,10,12935,507,1.00,1.60,Estabilidade,8,-27.27,Queda,1.87,3.37
26/05/2021,600,383980,81338,0,53.40,8,12943,509,1.01,2.00,Estabilidade,7,-41.67,Queda,1.33,3.37
27/05/2021,654,384634,81338,0,53.40,8,12951,514,1.03,-0.39,Estabilidade,7,-41.67,Queda,1.22,3.37
28/05/2021,363,384997,81338,0,53.40,15,12966,480,0.96,-5.70,Estabilidade,8,-38.46,Queda,4.13,3.37
29/05/2021,831,385828,81338,0,53.40,6,12972,525,1.05,2.94,Estabilidade,8,-42.86,Queda,0.72,3.36
30/05/2021,246,386074,81338,0,53.40,6,12978,512,0.99,0.39,Estabilidade,8,-46.67,Queda,2.44,3.36
31/05/2021,344,386418,81338,0,53.40,7,12985,510,0.97,0.20,Estabilidade,9,-43.75,Queda,2.03,3.36
01/06/2021,620,387038,81338,0,53.40,11,12996,523,1.03,3.56,Estabilidade,9,-47.06,Queda,1.77,3.36
02/06/2021,671,387709,81338,0,53.40,13,13009,533,1.05,5.96,Estabilidade,9,-47.06,Queda,1.94,3.36
03/06/2021,585,388294,81338,0,53.40,7,13016,523,1.02,5.23,Estabilidade,9,-43.75,Queda,1.20,3.35
04/06/2021,456,388750,81338,0,53.40,26,13042,536,1.12,7.20,Estabilidade,11,-26.67,Queda,5.70,3.35
05/06/2021,450,389200,81338,0,53.40,8,13050,482,0.92,-3.79,Estabilidade,11,-15.38,Queda,1.78,3.35
06/06/2021,350,389550,81338,0,53.40,4,13054,497,0.97,-4.24,Estabilidade,11,-15.38,Queda,1.14,3.35
07/06/2021,286,389836,81338,0,53.40,9,13063,488,0.96,-7.05,Estabilidade,11,10.00,Estabilidade,3.15,3.35
08/06/2021,550,390386,81338,0,53.40,23,13086,478,0.91,-5.72,Estabilidade,13,62.50,Alta,4.18,3.35
09/06/2021,677,391063,81338,0,53.40,17,13103,479,0.90,-5.89,Estabilidade,13,85.71,Alta,2.51,3.35
10/06/2021,795,391858,81338,0,53.40,16,13119,509,0.97,-0.97,Estabilidade,15,114.29,Alta,2.01,3.35
11/06/2021,716,392574,81338,0,53.40,10,13129,546,1.02,13.75,Estabilidade,12,50.00,Alta,1.40,3.34
12/06/2021,604,393178,81338,0,53.40,7,13136,568,1.18,8.19,Estabilidade,12,50.00,Alta,1.16,3.34
13/06/2021,314,393492,81338,0,53.40,4,13140,563,1.13,9.96,Estabilidade,12,50.00,Alta,1.27,3.34
14/06/2021,383,393875,81338,0,53.40,9,13149,577,1.18,13.14,Estabilidade,12,33.33,Alta,2.35,3.34
15/06/2021,726,394601,81338,0,53.40,13,13162,602,1.26,15.11,Alta,11,22.22,Alta,1.79,3.34
16/06/2021,503,395104,81338,0,53.40,20,13182,577,1.20,8.26,Estabilidade,11,22.22,Alta,3.98,3.34
17/06/2021,620,395724,81338,0,53.40,15,13197,552,1.08,5.54,Estabilidade,11,22.22,Alta,2.42,3.33
18/06/2021,684,396408,81338,0,53.40,12,13209,548,1.00,2.24,Estabilidade,11,0.00,Estabilidade,1.75,3.33
19/06/2021,499,396907,81338,0,53.40,5,13214,533,0.94,10.58,Estabilidade,11,0.00,Estabilidade,1.00,3.33
20/06/2021,225,397132,81338,0,53.40,6,13220,520,0.92,4.63,Estabilidade,11,0.00,Estabilidade,2.67,3.33
21/06/2021,393,397525,81338,0,53.40,6,13226,521,0.90,6.76,Estabilidade,11,0.00,Estabilidade,1.53,3.33
22/06/2021,720,398245,81338,0,53.40,15,13241,521,0.87,9.00,Estabilidade,11,-15.38,Queda,2.08,3.32
23/06/2021,511,398756,81338,0,53.40,5,13246,522,0.90,8.98,Estabilidade,9,-30.77,Queda,0.98,3.32
24/06/2021,645,399401,81338,0,53.40,3,13249,525,0.95,3.14,Estabilidade,7,-53.33,Queda,0.47,3.32
25/06/2021,661,400062,81338,0,53.40,15,13264,522,0.95,-4.40,Estabilidade,8,-33.33,Queda,2.27,3.32
26/06/2021,471,400533,81338,0,53.40,3,13267,518,0.97,-8.80,Estabilidade,8,-33.33,Queda,0.64,3.31
27/06/2021,248,400781,81338,0,53.40,4,13271,521,1.00,-7.46,Estabilidade,7,-41.67,Queda,1.61,3.31
28/06/2021,414,401195,81338,0,53.40,11,13282,524,1.01,-9.19,Estabilidade,8,-33.33,Queda,2.66,3.31
29/06/2021,552,401747,81338,0,53.40,17,13299,500,0.96,-16.94,Queda,8,-27.27,Queda,3.08,3.31
30/06/2021,342,402089,81338,0,53.40,14,13313,476,0.91,-17.50,Queda,10,-9.09,Estabilidade,4.09,3.31
01/07/2021,665,402754,81338,0,57.00,7,13320,479,0.91,-13.22,Estabilidade,10,-9.09,Estabilidade,1.05,3.31
02/07/2021,575,403329,81338,0,57.00,10,13330,467,0.89,-14.78,Estabilidade,9,-18.18,Queda,1.74,3.30
03/07/2021,492,403821,81338,0,57.00,7,13337,470,0.91,-11.82,Estabilidade,10,-9.09,Estabilidade,1.42,3.30
04/07/2021,224,404045,81338,0,57.00,5,13342,466,0.89,-10.38,Estabilidade,10,-9.09,Estabilidade,2.23,3.30
05/07/2021,302,404347,81338,0,57.00,7,13349,450,0.86,-13.63,Estabilidade,10,-9.09,Estabilidade,2.32,3.30
06/07/2021,719,405066,81338,0,57.00,0,13349,474,0.95,-9.02,Estabilidade,7,-36.36,Queda,0.00,3.30
07/07/2021,543,405609,81338,0,57.00,6,13355,503,1.06,-3.64,Estabilidade,6,-33.33,Queda,1.10,3.29
08/07/2021,701,406310,81338,0,57.00,6,13361,508,1.06,-3.24,Estabilidade,6,-14.29,Estabilidade,0.86,3.29
09/07/2021,718,407028,81338,0,57.00,6,13367,528,1.13,1.15,Estabilidade,5,-37.50,Queda,0.84,3.28
10/07/2021,492,407520,81338,0,57.00,11,13378,528,1.12,1.93,Estabilidade,6,-25.00,Queda,2.24,3.28
11/07/2021,267,407787,81338,0,57.00,4,13382,535,1.15,2.69,Estabilidade,6,-14.29,Estabilidade,1.50,3.28
12/07/2021,250,408037,81338,0,66.00,5,13387,527,1.17,0.57,Estabilidade,5,-37.50,Queda,2.00,3.28
13/07/2021,578,408615,81338,0,57.00,11,13398,507,1.07,1.40,Estabilidade,7,-12.50,Estabilidade,1.90,3.28
14/07/2021,552,409167,81338,0,57.00,7,13405,508,1.01,6.72,Estabilidade,7,-30.00,Queda,1.27,3.28
15/07/2021,616,409783,81338,0,57.00,8,13413,496,0.98,3.55,Estabilidade,7,-30.00,Queda,1.30,3.27
16/07/2021,584,410367,81338,0,57.00,8,13421,477,0.90,2.14,Estabilidade,8,-11.11,Estabilidade,1.37,3.27
17/07/2021,515,410882,81338,0,57.00,8,13429,480,0.91,2.13,Estabilidade,7,-30.00,Queda,1.55,3.27
18/07/2021,230,411112,81338,0,57.00,5,13434,475,0.89,1.93,Estabilidade,7,-30.00,Queda,2.17,3.27
19/07/2021,273,411385,81338,0,57.00,9,13443,478,0.91,6.22,Estabilidade,8,-20.00,Queda,3.30,3.27
20/07/2021,509,411894,81338,0,57.00,6,13449,468,0.92,-1.27,Estabilidade,7,0.00,Estabilidade,1.18,3.27
21/07/2021,651,412545,81338,0,57.00,4,13453,483,0.95,-3.98,Estabilidade,7,16.67,Alta,0.61,3.26
22/07/2021,601,413146,81338,0,57.00,9,13462,480,0.97,-5.51,Estabilidade,7,16.67,Alta,1.50,3.26
23/07/2021,412,413558,81338,0,57.00,6,13468,456,0.96,-13.64,Estabilidade,7,40.00,Alta,1.46,3.26
24/07/2021,295,413853,81338,0,57.00,9,13477,424,0.88,-19.70,Queda,7,16.67,Alta,3.05,3.26
25/07/2021,260,414113,81338,0,57.00,5,13482,429,0.90,-19.81,Queda,7,16.67,Alta,1.92,3.26
26/07/2021,231,414344,81338,0,57.00,10,13492,423,0.88,-19.73,Queda,7,40.00,Alta,4.33,3.26
27/07/2021,445,414789,81338,0,57.00,9,13501,414,0.88,-18.34,Queda,7,0.00,Estabilidade,2.02,3.25
28/07/2021,489,415278,81338,0,57.00,7,13508,390,0.81,-23.23,Queda,8,14.29,Estabilidade,1.43,3.25
29/07/2021,568,415846,81338,0,57.00,7,13515,386,0.80,-22.18,Queda,8,14.29,Estabilidade,1.23,3.25
30/07/2021,529,416375,81338,0,57.00,8,13523,402,0.88,-15.72,Queda,8,0.00,Estabilidade,1.51,3.25
31/07/2021,337,416712,81338,0,57.00,4,13527,408,0.96,-15.00,Queda,7,0.00,Estabilidade,1.19,3.25
01/08/2021,176,416888,81338,0,57.00,4,13531,396,0.92,-16.63,Queda,7,0.00,Estabilidade,2.27,3.25
02/08/2021,231,417119,81338,0,57.00,5,13536,396,0.94,-17.15,Queda,6,-25.00,Queda,2.16,3.25
03/08/2021,390,417509,81338,0,57.00,9,13545,389,0.94,-16.88,Queda,6,-14.29,Estabilidade,2.31,3.24
04/08/2021,587,418096,81338,0,57.00,9,13554,403,1.03,-16.56,Queda,7,0.00,Estabilidade,1.53,3.24
05/08/2021,343,418439,81338,0,46.80,8,13562,370,0.96,-22.92,Queda,7,0.00,Estabilidade,2.33,3.24
06/08/2021,455,418894,81338,0,46.80,8,13570,360,0.90,-21.05,Queda,7,0.00,Estabilidade,1.76,3.24
07/08/2021,400,419294,81338,0,46.80,7,13577,369,0.90,-12.97,Estabilidade,7,0.00,Estabilidade,1.75,3.24
08/08/2021,156,419450,81338,0,46.80,7,13584,366,0.92,-14.69,Estabilidade,8,14.29,Estabilidade,4.49,3.24
09/08/2021,294,419744,81338,0,46.80,7,13591,375,0.95,-11.35,Estabilidade,8,14.29,Estabilidade,2.38,3.24
10/08/2021,430,420174,81338,0,46.60,5,13596,381,0.98,-7.97,Estabilidade,7,0.00,Estabilidade,1.16,3.24
11/08/2021,350,420524,81338,0,46.60,9,13605,347,0.86,-11.03,Estabilidade,7,-12.50,Estabilidade,2.57,3.24
12/08/2021,378,420902,81338,0,46.60,8,13613,352,0.95,-8.81,Estabilidade,7,-12.50,Estabilidade,2.12,3.23
13/08/2021,354,421256,81338,0,46.60,9,13622,337,0.94,-16.17,Queda,7,-12.50,Estabilidade,2.54,3.23
14/08/2021,178,421434,81338,0,46.60,3,13625,306,0.83,-25.00,Queda,7,0.00,Estabilidade,1.69,3.23
15/08/2021,119,421553,81338,0,46.60,3,13628,300,0.82,-24.24,Queda,6,-14.29,Estabilidade,2.52,3.23
16/08/2021,177,421730,81338,0,46.60,2,13630,284,0.76,-28.28,Queda,6,0.00,Estabilidade,1.13,3.23
17/08/2021,269,421999,81338,0,46.60,9,13639,261,0.69,-32.90,Queda,6,0.00,Estabilidade,3.35,3.23
18/08/2021,273,422272,81338,0,46.60,4,13643,250,0.72,-37.97,Queda,5,-28.57,Queda,1.47,3.23
19/08/2021,245,422517,81338,0,46.60,2,13645,231,0.66,-37.57,Queda,5,-28.57,Queda,0.82,3.23
20/08/2021,178,422695,81338,0,46.60,4,13649,206,0.61,-42.78,Queda,4,-42.86,Queda,2.25,3.23
21/08/2021,173,422868,81338,0,46.60,2,13651,205,0.67,-44.44,Queda,4,-42.86,Queda,1.16,3.23
22/08/2021,190,423058,81338,0,46.60,1,13652,215,0.72,-41.26,Queda,3,-62.50,Queda,0.53,3.23
23/08/2021,88,423146,81338,0,46.60,4,13656,202,0.71,-46.13,Queda,4,-50.00,Queda,4.55,3.23
24/08/2021,162,423308,81338,0,46.60,5,13661,187,0.72,-50.92,Queda,3,-57.14,Queda,3.09,3.23
25/08/2021,216,423524,81338,0,46.60,8,13669,179,0.72,-48.41,Queda,4,-42.86,Queda,3.70,3.23
26/08/2021,177,423701,81338,0,46.60,3,13672,169,0.73,-51.99,Queda,4,-42.86,Queda,1.69,3.23
27/08/2021,131,423832,81338,0,46.60,2,13674,162,0.79,-51.93,Queda,4,-42.86,Queda,1.53,3.23
28/08/2021,126,423958,81338,0,46.60,3,13677,156,0.76,-49.02,Queda,4,-42.86,Queda,2.38,3.23
29/08/2021,63,424021,81338,0,46.60,2,13679,138,0.64,-54.00,Queda,4,-33.33,Queda,3.17,3.23
30/08/2021,109,424130,81338,0,46.60,3,13682,141,0.70,-50.35,Queda,4,-33.33,Queda,2.75,3.23
31/08/2021,151,424281,81338,0,46.60,5,13687,139,0.74,-46.74,Queda,4,-33.33,Queda,3.31,3.23
01/09/2021,147,424428,81338,0,46.60,0,13687,129,0.72,-48.40,Queda,3,-40.00,Queda,0.00,3.22
02/09/2021,134,424562,81338,0,46.60,2,13689,123,0.73,-46.75,Queda,2,-60.00,Queda,1.49,3.22
03/09/2021,175,424737,81338,0,46.60,1,13690,129,0.80,-37.38,Queda,2,-50.00,Queda,0.57,3.22
04/09/2021,96,424833,81338,0,46.60,3,13693,125,0.80,-39.02,Queda,2,-50.00,Queda,3.13,3.22
05/09/2021,84,424917,81338,0,46.60,1,13694,128,0.93,-40.47,Queda,2,-33.33,Queda,1.19,3.22
06/09/2021,79,424996,81338,0,46.60,2,13696,124,0.88,-38.61,Queda,2,-50.00,Queda,2.53,3.22
07/09/2021,67,425063,81338,0,46.60,1,13697,112,0.81,-40.11,Queda,1,-66.67,Queda,1.49,3.22
08/09/2021,62,425125,81338,0,46.60,1,13698,100,0.78,-44.13,Queda,2,-50.00,Queda,1.61,3.22
09/09/2021,214,425339,81338,0,46.60,3,13701,111,0.90,-34.32,Queda,2,-50.00,Queda,1.40,3.22
10/09/2021,88,425427,81338,0,46.60,0,13701,99,0.77,-38.89,Queda,2,-50.00,Queda,0.00,3.22
11/09/2021,79,425506,81338,0,46.60,3,13704,96,0.77,-38.46,Queda,2,-50.00,Queda,3.80,3.22
12/09/2021,60,425566,81338,0,46.60,1,13705,93,0.73,-32.61,Queda,2,-50.00,Queda,1.67,3.22
13/09/2021,59,425625,81338,0,46.60,0,13705,90,0.73,-36.17,Queda,1,-75.00,Queda,0.00,3.22
14/09/2021,76,425701,81338,0,46.60,2,13707,91,0.81,-34.53,Queda,1,-75.00,Queda,2.63,3.22
15/09/2021,80,425781,81338,0,46.60,2,13709,94,0.94,-27.13,Queda,2,-33.33,Queda,2.50,3.22
16/09/2021,63,425844,81338,0,46.60,0,13709,72,0.65,-41.46,Queda,1,-50.00,Queda,0.00,3.22
17/09/2021,63,425907,81338,0,46.60,1,13710,69,0.70,-46.51,Queda,1,-50.00,Queda,1.59,3.22
18/09/2021,53,425960,81338,0,46.60,2,13712,65,0.68,-48.00,Queda,1,-50.00,Queda,3.77,3.22
19/09/2021,34,425994,81338,0,46.60,1,13713,61,0.66,-52.34,Queda,1,-50.00,Queda,2.94,3.22
20/09/2021,30,426024,81338,0,46.60,1,13714,57,0.63,-54.03,Queda,1,-50.00,Queda,3.33,3.22
21/09/2021,48,426072,81338,0,46.60,2,13716,53,0.58,-52.68,Queda,1,0.00,Estabilidade,4.17,3.22
22/09/2021,53,426125,81338,0,46.60,1,13717,49,0.52,-51.00,Queda,1,-50.00,Queda,1.89,3.22
23/09/2021,50,426175,81338,0,46.60,1,13718,47,0.65,-57.66,Queda,1,-50.00,Queda,2.00,3.22
24/09/2021,55,426230,81338,0,46.60,1,13719,46,0.67,-53.54,Queda,1,-50.00,Queda,1.82,3.22
25/09/2021,,426286,81338,0,46.60,0,13719,47,0.72,-51.04,Queda,1,-50.00,Queda,0.00,3.22
26/09/2021,32,426318,81338,0,46.60,0,13719,46,0.75,-50.54,Queda,1,-50.00,Queda,0.00,3.22
27/09/2021,21,426339,81338,0,46.60,1,13720,45,0.79,-50.00,Queda,1,0.00,Estabilidade,4.76,3.22
28/09/2021,49,426388,411605,0,46.60,2,13722,45,0.85,-50.55,Queda,1,0.00,Estabilidade,4.08,3.22
29/09/2021,47,426435,411605,0,46.60,1,13723,44,0.90,-53.19,Queda,1,-50.00,Queda,2.13,3.22
30/09/2021,41,426476,411605,0,46.60,0,13723,43,0.91,-40.28,Queda,1,0.00,Estabilidade,0.00,3.22
01/10/2021,51,426527,411605,0,46.60,1,13724,42,0.91,-39.13,Queda,1,0.00,Estabilidade,1.96,3.22
02/10/2021,27,426554,412137,1166605,33.00,1,13725,38,0.81,-41.54,Queda,1,0.00,Estabilidade,3.70,3.22
03/10/2021,24,426578,412137,1166605,33.00,2,13727,37,0.80,-39.34,Queda,1,0.00,Estabilidade,8.33,3.22
04/10/2021,25,426603,412137,1166605,33.00,1,13728,38,0.84,-33.33,Queda,1,0.00,Estabilidade,4.00,3.22
05/10/2021,55,426658,412137,1166605,33.00,1,13729,39,0.87,-26.42,Queda,1,0.00,Estabilidade,1.82,3.22
06/10/2021,59,426717,412137,1166605,33.00,6,13735,40,0.91,-18.37,Queda,2,100.00,Alta,10.17,3.22
07/10/2021,55,426772,412137,1166605,33.00,5,13740,42,0.98,-10.64,Estabilidade,2,100.00,Alta,9.09,3.22
08/10/2021,45,426817,412387,1166605,33.00,4,13744,41,0.98,-10.87,Estabilidade,3,200.00,Alta,8.89,3.22
09/10/2021,65,426882,412444,1166605,33.00,1,13745,47,1.24,0.00,Estabilidade,3,200.00,Alta,1.54,3.22
10/10/2021,37,426919,412444,1166605,33.00,1,13746,49,1.32,6.52,Estabilidade,3,200.00,Alta,2.70,3.22
11/10/2021,27,426946,412444,1166605,33.00,1,13747,49,1.29,8.89,Estabilidade,3,200.00,Alta,3.70,3.22
12/10/2021,28,426974,412444,1166605,33.00,2,13749,45,1.15,0.00,Estabilidade,3,200.00,Alta,7.14,3.22
13/10/2021,34,427008,412444,1166605,33.00,1,13750,42,1.05,-4.55,Estabilidade,2,100.00,Alta,2.94,3.22
14/10/2021,50,427058,412444,1166605,33.00,0,13750,41,0.98,-4.65,Estabilidade,1,0.00,Estabilidade,0.00,3.22
15/10/2021,45,427103,412685,1166605,33.00,4,13754,41,1.00,-2.38,Estabilidade,1,0.00,Estabilidade,8.89,3.22
16/10/2021,44,427147,412685,1166605,33.00,2,13756,38,0.81,0.00,Estabilidade,2,100.00,Alta,4.55,3.22
17/10/2021,17,427164,412685,1166605,33.00,0,13756,35,0.71,-5.41,Estabilidade,1,0.00,Estabilidade,0.00,3.22
18/10/2021,24,427188,412685,1166605,33.00,0,13756,35,0.71,-7.89,Estabilidade,1,0.00,Estabilidade,0.00,3.22
19/10/2021,49,427237,412685,1166605,33.00,1,13757,38,0.84,-2.56,Estabilidade,1,0.00,Estabilidade,2.04,3.22
20/10/2021,67,427304,412685,1166605,33.00,4,13761,42,1.00,5.00,Estabilidade,2,0.00,Estabilidade,5.97,3.22
21/10/2021,64,427368,412685,1166605,33.00,1,13762,44,1.07,4.76,Estabilidade,2,0.00,Estabilidade,1.56,3.22
22/10/2021,45,427413,412685,1166605,33.00,0,13762,44,1.07,7.32,Estabilidade,1,-66.67,Queda,0.00,3.22
23/10/2021,50,427463,412685,1166605,33.00,1,13763,45,1.18,-4.26,Estabilidade,1,-66.67,Queda,2.00,3.22
24/10/2021,28,427491,412685,1166605,33.00,0,13763,47,1.34,-4.08,Estabilidade,1,-66.67,Queda,0.00,3.22
25/10/2021,32,427523,412685,1166605,33.00,1,13764,48,1.37,-2.04,Estabilidade,1,-66.67,Queda,3.13,3.22
26/10/2021,54,427577,412685,1166605,33.00,1,13765,49,1.29,8.89,Estabilidade,1,-66.67,Queda,1.85,3.22
27/10/2021,36,427613,412685,1166605,33.00,2,13767,44,1.05,4.76,Estabilidade,1,-50.00,Queda,5.56,3.22
28/10/2021,59,427672,412685,1166605,33.00,2,13769,43,0.98,4.88,Estabilidade,1,0.00,Estabilidade,3.39,3.22
29/10/2021,45,427717,413270,1166605,33.00,0,13769,43,0.98,4.88,Estabilidade,1,0.00,Estabilidade,0.00,3.22
30/10/2021,51,427768,413270,1166605,33.00,1,13770,44,0.98,15.79,Alta,1,-50.00,Queda,1.96,3.22
31/10/2021,20,427788,413270,1166605,33.00,0,13770,42,0.89,20.00,Alta,1,0.00,Estabilidade,0.00,3.22
01/11/2021,18,427806,413270,1166605,33.00,1,13771,40,0.83,14.29,Estabilidade,1,0.00,Estabilidade,5.56,3.22
02/11/2021,39,427845,413270,1166605,33.00,1,13772,38,0.78,0.00,Estabilidade,1,0.00,Estabilidade,2.56,3.22
03/11/2021,22,427867,413270,1166605,33.00,0,13772,36,0.82,-14.29,Estabilidade,1,-50.00,Queda,0.00,3.22
04/11/2021,73,427940,413270,1166605,33.00,2,13774,38,0.88,-13.64,Estabilidade,1,-50.00,Queda,2.74,3.22
05/11/2021,99,428039,413270,1166605,33.00,1,13775,46,1.07,4.55,Estabilidade,1,0.00,Estabilidade,1.01,3.22
06/11/2021,70,428109,413270,1166605,33.00,1,13776,49,1.11,8.89,Estabilidade,1,0.00,Estabilidade,1.43,3.22
07/11/2021,46,428155,413270,1166605,33.00,0,13776,52,1.24,10.64,Estabilidade,1,0.00,Estabilidade,0.00,3.22
08/11/2021,113,428268,413270,1166605,33.00,2,13778,66,1.65,37.50,Alta,1,0.00,Estabilidade,1.77,3.22
09/11/2021,77,428345,413270,1166605,33.00,2,13780,71,1.87,44.90,Alta,1,0.00,Estabilidade,2.60,3.22
10/11/2021,81,428426,413270,1166605,33.00,1,13781,80,2.22,81.82,Alta,1,0.00,Estabilidade,1.23,3.22
11/11/2021,60,428486,413270,1166605,33.00,0,13781,78,2.05,81.40,Alta,1,0.00,Estabilidade,0.00,3.22
12/11/2021,52,428538,413270,1166605,33.00,0,13781,71,1.54,65.12,Alta,1,0.00,Estabilidade,0.00,3.22
13/11/2021,77,428615,413270,1166605,33.00,1,13782,72,1.47,63.64,Alta,1,0.00,Estabilidade,1.30,3.22
14/11/2021,57,428672,413270,1166605,33.00,0,13782,74,1.42,76.19,Alta,1,0.00,Estabilidade,0.00,3.22
15/11/2021,13,428685,413270,1166605,33.00,2,13784,60,0.91,50.00,Alta,1,0.00,Estabilidade,15.38,3.22
16/11/2021,26,428711,413270,1166605,33.00,0,13784,52,0.73,36.84,Alta,1,0.00,Estabilidade,0.00,3.22
17/11/2021,104,428815,413270,1166605,33.00,3,13787,56,0.70,55.56,Alta,1,0.00,Estabilidade,2.88,3.22
18/11/2021,97,428912,413270,1166605,33.00,2,13789,61,0.78,60.53,Alta,1,0.00,Estabilidade,2.06,3.21
19/11/2021,69,428981,413270,1166605,33.00,2,13791,63,0.89,36.96,Alta,1,0.00,Estabilidade,2.90,3.21
20/11/2021,103,429084,413270,1166605,33.00,0,13791,67,0.93,36.73,Alta,1,0.00,Estabilidade,0.00,3.21
21/11/2021,37,429121,413270,1166605,33.00,0,13791,64,0.86,23.08,Alta,1,0.00,Estabilidade,0.00,3.21
22/11/2021,42,429163,413270,1166605,33.00,3,13794,68,1.13,3.03,Estabilidade,1,0.00,Estabilidade,7.14,3.21
23/11/2021,81,429244,413270,1166605,33.00,2,13796,76,1.46,7.04,Estabilidade,2,100.00,Alta,2.47,3.21
24/11/2021,91,429335,413270,1166605,33.00,2,13798,74,1.32,-7.50,Estabilidade,2,100.00,Alta,2.20,3.21
25/11/2021,136,429471,413270,1166605,33.00,0,13798,80,1.31,2.56,Estabilidade,1,0.00,Estabilidade,0.00,3.21
26/11/2021,140,429611,413270,1166605,33.00,2,13800,90,1.43,26.76,Alta,1,0.00,Estabilidade,1.43,3.21
27/11/2021,132,429743,413270,1166605,33.00,1,13801,94,1.40,30.56,Alta,1,0.00,Estabilidade,0.76,3.21
28/11/2021,35,429778,413270,1166605,33.00,0,13801,94,1.47,27.03,Alta,1,0.00,Estabilidade,0.00,3.21
29/11/2021,43,429821,413270,1166605,33.00,0,13801,94,1.38,56.67,Alta,1,0.00,Estabilidade,0.00,3.21
30/11/2021,123,429944,413270,1166605,33.00,2,13803,100,1.32,92.31,Alta,1,0.00,Estabilidade,1.63,3.21
01/12/2021,129,430073,414852,1166605,33.00,2,13805,105,1.42,87.50,Alta,1,0.00,Estabilidade,1.55,3.21
02/12/2021,119,430192,414852,1166605,33.00,1,13806,103,1.29,68.85,Alta,1,0.00,Estabilidade,0.84,3.21
03/12/2021,158,430350,414852,1166605,33.00,2,13808,106,1.18,68.25,Alta,1,0.00,Estabilidade,1.27,3.21
04/12/2021,134,430484,414852,1166605,33.00,1,13809,106,1.13,58.21,Alta,1,0.00,Estabilidade,0.75,3.21
05/12/2021,35,430519,414852,1166605,33.00,1,13810,106,1.13,65.63,Alta,1,0.00,Estabilidade,2.86,3.21
06/12/2021,83,430602,414852,1166605,33.00,1,13811,112,1.19,64.71,Alta,1,0.00,Estabilidade,1.20,3.21
07/12/2021,188,430790,414852,1166605,33.00,0,13811,121,1.21,59.21,Alta,1,-50.00,Queda,0.00,3.21
08/12/2021,202,430992,414852,1166605,33.00,1,13812,131,1.25,77.03,Alta,1,-50.00,Queda,0.50,3.20
09/12/2021,94,431086,414852,1166605,33.00,0,13812,128,1.24,60.00,Alta,1,0.00,Estabilidade,0.00,3.20
10/12/2021,177,431263,414852,1166605,33.00,0,13812,130,1.23,44.44,Alta,1,0.00,Estabilidade,0.00,3.20
11/12/2021,140,431403,414852,1166605,33.00,0,13812,131,1.24,39.36,Alta,0,-100.00,Queda,0.00,3.20
12/12/2021,125,431528,414852,1166605,33.00,0,13812,144,1.36,53.19,Alta,0,-100.00,Queda,0.00,3.20
13/12/2021,64,431592,414852,1166605,33.00,0,13812,141,1.26,50.00,Alta,0,-100.00,Queda,0.00,3.20
14/12/2021,228,431820,414852,1166605,33.00,4,13816,147,1.21,47.00,Alta,1,0.00,Estabilidade,1.75,3.20
15/12/2021,183,432003,414852,1166605,33.00,1,13817,144,1.10,37.14,Alta,1,0.00,Estabilidade,0.55,3.20
16/12/2021,177,432180,414852,1166605,33.00,2,13819,156,1.22,51.46,Alta,1,0.00,Estabilidade,1.13,3.20
17/12/2021,321,432501,414852,1166605,33.00,1,13820,177,1.36,66.98,Alta,1,0.00,Estabilidade,0.31,3.20
18/12/2021,87,432588,414852,1166605,33.00,0,13820,169,1.29,59.43,Alta,1,0.00,Estabilidade,0.00,3.19
19/12/2021,67,432655,414852,1166605,33.00,0,13820,161,1.12,51.89,Alta,1,0.00,Estabilidade,0.00,3.19
20/12/2021,57,432712,414852,1166605,33.00,0,13820,160,1.13,42.86,Alta,1,0.00,Estabilidade,0.00,3.19
21/12/2021,123,432835,414852,1166605,33.00,2,13822,145,0.99,19.83,Alta,1,0.00,Estabilidade,1.63,3.19
22/12/2021,160,432995,414852,1166605,33.00,0,13822,142,0.99,8.40,Estabilidade,1,0.00,Estabilidade,0.00,3.19
23/12/2021,146,433141,414852,1166605,33.00,2,13824,137,0.88,7.03,Estabilidade,1,0.00,Estabilidade,1.37,3.19
24/12/2021,67,433208,414852,1166605,33.00,2,13826,101,0.57,-22.31,Queda,1,0.00,Estabilidade,2.99,3.19
25/12/2021,28,433236,414852,1166605,33.00,2,13828,93,0.55,-29.01,Queda,1,,Estabilidade,7.14,3.19
26/12/2021,27,433263,414852,1166605,33.00,2,13830,87,0.54,-39.58,Queda,1,,Estabilidade,7.41,3.19
27/12/2021,72,433335,414852,1166605,33.00,1,13831,89,0.56,-36.88,Queda,2,,Estabilidade,1.39,3.19
28/12/2021,119,433454,414852,1166605,33.00,1,13832,88,0.61,-40.14,Queda,1,0.00,Estabilidade,0.84,3.19
29/12/2021,134,433588,414852,1166605,33.00,2,13834,85,0.60,-40.97,Queda,2,100.00,Alta,1.49,3.19
30/12/2021,121,433709,414852,1166605,33.00,0,13834,81,0.59,-48.08,Queda,1,0.00,Estabilidade,0.00,3.19
31/12/2021,104,433813,414852,1166605,33.00,1,13835,86,0.85,-51.41,Queda,1,0.00,Estabilidade,0.96,3.19
01/01/2022,37,433850,414852,1166605,33.00,1,13836,88,0.95,-47.93,Queda,1,0.00,Estabilidade,2.70,3.19
02/01/2022,32,433882,414852,1166605,33.00,1,13837,88,1.01,-45.34,Queda,1,0.00,Estabilidade,3.13,3.19
03/01/2022,88,433970,414852,1166605,33.00,1,13838,91,1.02,-43.13,Queda,1,0.00,Estabilidade,1.14,3.19
04/01/2022,172,434142,414852,1166605,33.00,0,13838,98,1.11,-32.41,Queda,1,0.00,Estabilidade,0.00,3.19
05/01/2022,178,434320,414852,1166605,33.00,1,13839,105,1.24,-26.06,Queda,1,0.00,Estabilidade,0.56,3.19
06/01/2022,275,434595,414852,1166605,33.00,3,13842,127,1.57,-7.30,Estabilidade,1,0.00,Estabilidade,1.09,3.19
07/01/2022,363,434958,414852,1166605,33.00,1,13843,164,1.91,62.38,Alta,1,0.00,Estabilidade,0.28,3.18
08/01/2022,426,435384,414852,1166605,33.00,1,13844,219,2.49,135.48,Alta,1,0.00,Estabilidade,0.23,3.18
09/01/2022,365,435749,414852,1166605,33.00,2,13846,267,3.03,206.90,Alta,1,0.00,Estabilidade,0.55,3.18
10/01/2022,229,435978,414852,1166605,33.00,3,13849,287,3.15,222.47,Alta,2,0.00,Estabilidade,1.31,3.18
11/01/2022,1219,437197,414852,1166605,33.00,1,13850,436,4.45,395.45,Alta,2,100.00,Alta,0.08,3.17
12/01/2022,1759,438956,414852,1166605,33.00,1,13851,662,6.30,678.82,Alta,2,0.00,Estabilidade,0.06,3.16
13/01/2022,2304,441260,414852,1166605,33.00,4,13855,952,7.50,"1,075.31",Alta,2,100.00,Alta,0.17,3.14
14/01/2022,2782,444042,414852,1166605,33.00,1,13856,1298,7.91,"1,409.30",Alta,2,100.00,Alta,0.04,3.12
15/01/2022,2638,446680,414852,1166605,33.00,0,13856,1614,7.37,"1,734.09",Alta,2,100.00,Alta,0.00,3.10
16/01/2022,3079,449759,414852,1166605,33.00,1,13857,2001,7.49,"2,173.86",Alta,2,100.00,Alta,0.03,3.08
17/01/2022,2674,452433,414852,1166605,33.00,1,13858,2351,8.19,"2,483.52",Alta,1,0.00,Estabilidade,0.04,3.06
18/01/2022,4975,457408,420707,1166605,33.00,2,13860,2887,6.62,"2,845.92",Alta,1,0.00,Estabilidade,0.04,3.03
19/01/2022,7505,464913,420707,1166605,33.00,3,13863,3708,5.60,"3,431.43",Alta,2,100.00,Alta,0.04,2.98
20/01/2022,8319,473232,420707,1166605,33.00,6,13869,4567,4.80,"3,496.06",Alta,2,100.00,Alta,0.07,2.93
21/01/2022,8063,481295,420707,1166605,33.00,12,13881,5322,4.10,"3,145.12",Alta,4,300.00,Alta,0.15,2.88
22/01/2022,7467,488762,420707,1166605,33.00,0,13881,6012,3.72,"2,645.21",Alta,4,300.00,Alta,0.00,2.84
23/01/2022,3211,491973,420707,1166605,33.00,5,13886,6031,3.01,"2,158.80",Alta,4,300.00,Alta,0.16,2.82
24/01/2022,3555,495528,420707,1166605,33.00,6,13892,6156,2.62,"2,044.95",Alta,5,150.00,Alta,0.17,2.80
25/01/2022,7334,502862,420707,1166605,33.00,10,13902,6493,2.25,"1,389.22",Alta,6,200.00,Alta,0.14,2.76
26/01/2022,6266,509128,420707,1166605,33.00,6,13908,6316,1.70,854.08,Alta,6,200.00,Alta,0.10,2.73
27/01/2022,6312,515440,420707,1166605,33.00,5,13913,6030,1.32,533.40,Alta,6,200.00,Alta,0.08,2.70
28/01/2022,6011,521451,420707,1166605,33.00,9,13922,5737,1.08,341.99,Alta,6,200.00,Alta,0.15,2.67
29/01/2022,4869,526320,420707,1166605,33.00,6,13928,5365,0.89,232.40,Alta,7,250.00,Alta,0.12,2.65
30/01/2022,1948,528268,420707,1166605,33.00,8,13936,5185,0.86,159.12,Alta,7,250.00,Alta,0.41,2.64
31/01/2022,1608,529876,420707,1166605,33.00,13,13949,4907,0.80,108.72,Alta,8,700.00,Alta,0.81,2.63
01/02/2022,4716,534592,420707,1166605,33.00,13,13962,4533,0.70,57.01,Alta,9,800.00,Alta,0.28,2.61
02/02/2022,2849,537441,420707,1166605,33.00,19,13981,4045,0.64,9.09,Estabilidade,10,400.00,Alta,0.67,2.60
03/02/2022,4227,541668,420707,1166605,33.00,10,13991,3747,0.62,-17.95,Queda,11,450.00,Alta,0.24,2.58
04/02/2022,3497,545165,420707,1166605,67.48,7,13998,3388,0.59,-36.34,Queda,11,175.00,Alta,0.20,2.57
05/02/2022,2356,547521,420707,1166605,67.48,8,14006,3029,0.56,-49.62,Queda,11,175.00,Alta,0.34,2.56
06/02/2022,817,548338,420707,1166605,67.48,5,14011,2867,0.55,-52.46,Queda,11,175.00,Alta,0.61,2.56
07/02/2022,738,549076,420707,1166605,67.48,13,14024,2743,0.56,-55.44,Queda,11,120.00,Alta,1.76,2.55
08/02/2022,2858,551934,420707,1166605,67.48,10,14034,2477,0.55,-61.85,Queda,10,66.67,Alta,0.35,2.54
09/02/2022,2649,554583,420707,1166605,67.48,11,14045,2449,0.61,-61.23,Queda,9,50.00,Alta,0.42,2.53
10/02/2022,2663,557246,420707,1166605,67.48,7,14052,2225,0.59,-63.10,Queda,9,50.00,Alta,0.26,2.52
11/02/2022,2408,559654,420707,1166605,67.48,7,14059,2070,0.61,-63.92,Queda,9,50.00,Alta,0.29,2.51
12/02/2022,2347,562001,420707,1166605,67.48,4,14063,2069,0.68,-61.44,Queda,8,14.29,Estabilidade,0.17,2.50
13/02/2022,536,562537,420707,1166605,67.48,1,14064,2028,0.71,-60.89,Queda,8,14.29,Estabilidade,0.19,2.50
14/02/2022,447,562984,420707,1166605,67.48,3,14067,1987,0.72,-59.51,Queda,6,-25.00,Queda,0.67,2.50
15/02/2022,1722,564706,434795,1166605,67.48,6,14073,1825,0.74,-59.74,Queda,6,-33.33,Queda,0.35,2.49
16/02/2022,1025,565731,434795,1166605,67.48,3,14076,1593,0.65,-60.62,Queda,4,-60.00,Queda,0.29,2.49
17/02/2022,957,566688,434795,1166605,67.48,7,14083,1349,0.61,-64.00,Queda,4,-63.64,Queda,0.73,2.49
18/02/2022,1285,567973,434795,1166605,67.48,3,14086,1188,0.57,-64.94,Queda,4,-63.64,Queda,0.23,2.48
19/02/2022,653,568626,434795,1166605,67.48,1,14087,946,0.46,-68.77,Queda,3,-72.73,Queda,0.15,2.48
20/02/2022,728,569354,434795,1166605,67.48,6,14093,974,0.48,-66.03,Queda,4,-63.64,Queda,0.82,2.48
21/02/2022,480,569834,434795,1166605,67.48,2,14095,979,0.49,-64.31,Queda,4,-63.64,Queda,0.42,2.47
22/02/2022,765,570599,434795,1166605,67.48,3,14098,842,0.46,-66.01,Queda,4,-60.00,Queda,0.39,2.47
23/02/2022,575,571174,434795,1166605,67.48,3,14101,778,0.49,-68.23,Queda,4,-55.56,Queda,0.52,2.47
24/02/2022,575,571749,434795,1166605,67.48,3,14104,723,0.54,-67.51,Queda,3,-66.67,Queda,0.52,2.47
25/02/2022,600,572349,434795,1166605,67.48,6,14110,625,0.53,-69.81,Queda,3,-66.67,Queda,1.00,2.47
26/02/2022,652,573001,434795,1166605,67.48,5,14115,625,0.66,-69.79,Queda,4,-50.00,Queda,0.77,2.46
27/02/2022,514,573515,434795,1166605,67.48,1,14116,594,0.61,-70.71,Queda,3,-62.50,Queda,0.19,2.46
28/02/2022,62,573577,434795,1166605,67.48,3,14119,535,0.55,-73.07,Queda,3,-50.00,Queda,4.84,2.46
01/03/2022,85,573662,434795,1166605,67.48,2,14121,438,0.52,-76.00,Queda,3,-50.00,Queda,2.35,2.46
02/03/2022,54,573716,434795,1166605,67.48,1,14122,363,0.47,-77.21,Queda,3,-25.00,Queda,1.85,2.46
03/03/2022,45,573761,434795,1166605,67.48,0,14122,287,0.40,-78.72,Queda,3,-25.00,Queda,0.00,2.46
04/03/2022,543,574304,434795,1166605,67.48,2,14124,279,0.45,-76.52,Queda,2,-50.00,Queda,0.37,2.46
05/03/2022,347,574651,434795,1166605,67.48,5,14129,236,0.38,-75.05,Queda,2,-33.33,Queda,1.44,2.46
06/03/2022,532,575183,434795,1166605,67.48,0,14129,238,0.40,-75.56,Queda,2,-50.00,Queda,0.00,2.46
07/03/2022,319,575502,434795,1166605,67.48,3,14132,275,0.51,-71.91,Queda,2,-50.00,Queda,0.94,2.46
08/03/2022,554,576056,434795,1166605,67.48,1,14133,342,0.78,-59.38,Queda,2,-50.00,Queda,0.18,2.45
09/03/2022,486,576542,434795,1166605,67.48,1,14134,404,1.11,-48.07,Queda,2,-50.00,Queda,0.21,2.45
10/03/2022,552,577094,434795,1166605,67.48,3,14137,476,1.66,-34.16,Queda,2,-33.33,Queda,0.54,2.45
11/03/2022,493,577587,559537,1166605,67.48,2,14139,469,1.68,-24.96,Queda,2,-33.33,Queda,0.41,2.45
12/03/2022,509,578096,559537,1166605,67.48,2,14141,492,2.08,-21.28,Queda,2,-50.00,Queda,0.39,2.45
13/03/2022,425,578521,559537,1166605,67.48,2,14143,477,2.00,-19.70,Queda,2,-33.33,Queda,0.47,2.44
14/03/2022,265,578786,559537,1166605,67.48,0,14143,469,1.71,-12.34,Estabilidade,2,-33.33,Queda,0.00,2.44
15/03/2022,509,579295,559537,1166605,67.48,1,14144,463,1.35,5.71,Estabilidade,2,-33.33,Queda,0.20,2.44
16/03/2022,101,579396,559537,1166605,67.48,0,14144,408,1.01,12.40,Estabilidade,1,-66.67,Queda,0.00,2.44
17/03/2022,281,579677,559537,1166605,67.48,2,14146,369,0.78,28.57,Alta,1,-66.67,Queda,0.71,2.44
18/03/2022,352,580029,559537,1166605,67.48,1,14147,349,0.74,25.09,Alta,1,-50.00,Queda,0.28,2.44
19/03/2022,215,580244,559537,1166605,67.48,0,14147,307,0.62,30.08,Alta,1,-50.00,Queda,0.00,2.44
20/03/2022,247,580491,559537,1166605,67.48,0,14147,281,0.59,18.07,Alta,1,-50.00,Queda,0.00,2.44
21/03/2022,200,580691,559537,1166605,67.48,0,14147,272,0.58,-1.09,Estabilidade,1,-50.00,Queda,0.00,2.44
22/03/2022,155,580846,559537,1166605,67.48,1,14148,222,0.48,-35.09,Queda,1,-50.00,Queda,0.65,2.44
23/03/2022,55,580901,559537,1166605,67.48,0,14148,215,0.53,-46.78,Queda,1,-50.00,Queda,0.00,2.44
24/03/2022,69,580970,559537,1166605,67.48,0,14148,185,0.50,-61.13,Queda,0,-100.00,Queda,0.00,2.44
25/03/2022,39,581009,559537,1166605,67.48,2,14150,140,0.40,-70.15,Queda,0,-100.00,Queda,5.13,2.44
26/03/2022,33,581042,559537,1166605,67.48,1,14151,114,0.37,-76.83,Queda,1,-50.00,Queda,3.03,2.44
27/03/2022,28,581070,559537,1166605,67.48,0,14151,83,0.30,-82.60,Queda,1,-50.00,Queda,0.00,2.44
28/03/2022,40,581110,559537,1166605,67.48,1,14152,60,0.22,-87.21,Queda,1,-50.00,Queda,2.50,2.44
29/03/2022,67,581177,559537,1166605,67.48,1,14153,47,0.21,-89.85,Queda,1,-50.00,Queda,1.49,2.44
30/03/2022,56,581233,559537,1166605,67.48,2,14155,47,0.22,-88.48,Queda,1,0.00,Estabilidade,3.57,2.44
31/03/2022,58,581291,559537,1166605,67.48,0,14155,46,0.25,-87.53,Queda,1,0.00,Estabilidade,0.00,2.44
01/04/2022,35,581326,559537,1166605,67.48,0,14155,45,0.32,-87.11,Queda,1,0.00,Estabilidade,0.00,2.43
02/04/2022,33,581359,559537,1166605,67.48,2,14157,45,0.39,-85.34,Queda,1,0.00,Estabilidade,6.06,2.44
03/04/2022,8,581367,559537,1166605,67.48,0,14157,42,0.51,-85.05,Queda,1,0.00,Estabilidade,0.00,2.44
04/04/2022,26,581393,559537,1166605,67.48,1,14158,40,0.67,-85.29,Queda,1,0.00,Estabilidade,3.85,2.44
05/04/2022,49,581442,559537,1166605,67.48,1,14159,38,0.81,-82.88,Queda,1,0.00,Estabilidade,2.04,2.44
06/04/2022,52,581494,559537,1166605,67.48,1,14160,37,0.79,-82.79,Queda,1,0.00,Estabilidade,1.92,2.44
07/04/2022,72,581566,559537,1166605,67.48,0,14160,39,0.85,-78.92,Queda,1,,Estabilidade,0.00,2.43
08/04/2022,48,581614,559537,1166605,67.48,0,14160,41,0.91,-70.71,Queda,1,,Estabilidade,0.00,2.43
09/04/2022,27,581641,559537,1166605,67.48,0,14160,40,0.89,-64.91,Queda,0,-100.00,Queda,0.00,2.43
10/04/2022,21,581662,559537,1166605,67.48,0,14160,42,1.00,-49.40,Queda,0,-100.00,Queda,0.00,2.43
11/04/2022,17,581679,559537,1166605,67.48,1,14161,41,1.03,-31.67,Queda,0,-100.00,Queda,5.88,2.43
12/04/2022,50,581729,559537,1166605,67.48,1,14162,41,1.08,-12.77,Estabilidade,0,-100.00,Queda,2.00,2.43
13/04/2022,23,581752,559537,1166605,67.48,0,14162,37,1.00,-21.28,Queda,0,-100.00,Queda,0.00,2.43
14/04/2022,25,581777,559537,1166605,67.48,0,14162,30,0.77,-34.78,Queda,0,-100.00,Queda,0.00,2.43
15/04/2022,25,581802,559537,1166605,67.48,3,14165,27,0.66,-40.00,Queda,1,0.00,Estabilidade,12.00,2.43
16/04/2022,11,581813,559537,1166605,67.48,1,14166,25,0.63,-44.44,Queda,1,0.00,Estabilidade,9.09,2.43
17/04/2022,10,581823,559537,1166605,67.48,0,14166,23,0.55,-45.24,Queda,1,0.00,Estabilidade,0.00,2.43
18/04/2022,12,581835,559537,1166605,67.48,3,14169,22,0.54,-45.00,Queda,1,0.00,Estabilidade,25.00,2.44
19/04/2022,39,581874,559537,1166605,67.48,0,14169,21,0.51,-44.74,Queda,1,0.00,Estabilidade,0.00,2.44
20/04/2022,24,581898,559537,1166605,67.48,0,14169,21,0.57,-43.24,Queda,1,0.00,Estabilidade,0.00,2.43
21/04/2022,11,581909,559537,1166605,67.48,0,14169,19,0.63,-51.28,Queda,1,0.00,Estabilidade,0.00,2.43
22/04/2022,25,581934,559537,1166605,67.48,0,14169,19,0.70,-53.66,Queda,1,0.00,Estabilidade,0.00,2.43
23/04/2022,24,581958,559537,1166605,67.48,0,14169,21,0.84,-47.50,Queda,0,,Estabilidade,0.00,2.43
24/04/2022,5,581963,559537,1166605,67.48,0,14169,20,0.87,-52.38,Queda,0,,Estabilidade,0.00,2.43
25/04/2022,14,581977,559537,1166605,67.48,0,14169,20,0.91,-51.22,Queda,0,,Estabilidade,0.00,2.43
26/04/2022,52,582029,559537,1166605,67.48,1,14170,22,1.05,-46.34,Queda,0,,Estabilidade,1.92,2.43
27/04/2022,66,582095,559537,1166605,67.48,2,14172,28,1.33,-24.32,Queda,0,,Estabilidade,3.03,2.43
28/04/2022,53,582148,559537,1166605,67.48,0,14172,34,1.79,13.33,Estabilidade,0,,Estabilidade,0.00,2.43
29/04/2022,27,582175,559537,1166605,67.48,0,14172,34,1.79,25.93,Alta,0,-100.00,Queda,0.00,2.43
30/04/2022,24,582199,559537,1166605,67.48,0,14172,34,1.62,36.00,Alta,0,-100.00,Queda,0.00,2.43
01/05/2022,11,582210,559537,1166605,67.48,0,14172,35,1.75,52.17,Alta,0,-100.00,Queda,0.00,2.43
02/05/2022,2,582212,559537,1166605,67.48,0,14172,34,1.70,54.55,Alta,0,-100.00,Queda,0.00,2.43
03/05/2022,26,582238,559537,1166605,67.48,0,14172,30,1.36,42.86,Alta,0,-100.00,Queda,0.00,2.43
04/05/2022,26,582264,559537,1166605,67.48,0,14172,24,0.86,14.29,Estabilidade,0,-100.00,Queda,0.00,2.43
05/05/2022,25,582289,559537,1166605,67.48,0,14172,20,0.59,5.26,Estabilidade,0,-100.00,Queda,0.00,2.43
06/05/2022,43,582332,559537,1166605,67.48,0,14172,22,0.65,15.79,Alta,0,-100.00,Queda,0.00,2.43
07/05/2022,22,582354,559537,1166605,67.48,0,14172,22,0.65,4.76,Estabilidade,0,,Queda,0.00,2.43
08/05/2022,6,582360,559537,1166605,67.48,0,14172,21,0.60,5.00,Estabilidade,0,,Queda,0.00,2.43
09/05/2022,21,582381,559537,1166605,67.48,0,14172,24,0.71,20.00,Alta,0,,Queda,0.00,2.43
10/05/2022,37,582418,559537,1166605,67.48,0,14172,26,0.87,18.18,Alta,0,,Queda,0.00,2.43
11/05/2022,24,582442,559537,1166605,67.48,0,14172,25,1.04,-10.71,Estabilidade,0,,Queda,0.00,2.43
12/05/2022,18,582460,559537,1166605,67.48,0,14172,24,1.20,-29.41,Queda,0,,Queda,0.00,2.43
13/05/2022,27,582487,559537,1166605,67.48,0,14172,22,1.00,-35.29,Queda,0,,Queda,0.00,2.43
14/05/2022,0,582487,559537,1166605,67.48,0,14172,19,0.86,-44.12,Queda,0,,Queda,0,2.43
15/05/2022,0,582487,559537,1166605,67.48,0,14172,18,0.86,-48.57,Queda,0,,Queda,0,2.43
16/05/2022,0,582487,559537,1166605,67.48,0,14172,15,0.63,-55.88,Queda,0,,Queda,0,2.43
17/05/2022,0,582487,559537,1166605,67.48,0,14172,10,0.38,-66.67,Queda,0,,Queda,0,2.43
18/05/2022,0,582487,559537,1166605,67.48,0,14172,6,0.24,-75.00,Queda,0,,Queda,0,2.43
19/05/2022,0,582487,559537,1166605,67.48,0,14172,4,0.17,-80.00,Queda,0,,Queda,0,2.43
20/05/2022,0,582487,559537,1166605,67.48,0,14172,0,0.00,-100.00,Queda,0,,Queda,0,2.43
21/05/2022,0,582487,559537,1166605,67.48,0,14172,0,0.00,-100.00,Queda,0,,Queda,0,2.43
22/05/2022,0,582487,559537,1166605,67.48,0,14172,0,0.00,-100.00,Queda,0,,Queda,0,2.43
23/05/2022,0,582487,559537,1166605,67.48,0,14172,0,0.00,-100.00,Queda,0,,Queda,0,2.43
24/05/2022,0,582487,559537,1166605,67.48,0,14172,0,0.00,-100.00,Queda,0,,Queda,0,2.43
25/05/2022,10,582497,559537,1166605,67.48,1,14173,1,0.17,-96.00,Queda,0,,Queda,10.00,2.43
26/05/2022,0,582497,559537,1166605,67.48,0,14173,1,0.25,-95.83,Queda,0,,Queda,0,2.43
27/05/2022,0,582497,559537,1166605,67.48,0,14173,1,0.25,-95.45,Queda,0,,Queda,0,2.43
28/05/2022,0,582497,559537,1166605,67.48,0,14173,1,0.25,-94.74,Queda,0,,Queda,0,2.43
29/05/2022,0,582497,559537,1166605,67.48,0,14173,1,0.25,-94.44,Queda,0,,Queda,0,2.43
30/05/2022,0,582497,559537,1166605,67.48,0,14173,1,0.25,-93.33,Queda,0,,Queda,0,2.43
31/05/2022,0,582497,559537,1166605,67.48,0,14173,1,0.25,-90.00,Queda,0,,Queda,0,2.43
01/06/2022,12,582509,559537,1166605,67.48,1,14174,2,2.00,-66.67,Queda,0,,Queda,8.33,2.43
02/06/2022,0,582509,559537,1166605,67.48,0,14174,2,2.00,-50.00,Queda,0,,Queda,0,2.43
03/06/2022,0,582509,559537,1166605,67.48,0,14174,2,2.00,,Queda,0,,Queda,0,2.43
04/06/2022,0,582509,559537,1166605,67.48,0,14174,2,2.00,,Queda,0,,Queda,0,2.43
05/06/2022,0,582509,559537,1166605,67.48,0,14174,2,2.00,,Queda,0,,Queda,0,2.43
06/06/2022,0,582509,559537,1166605,67.48,0,14174,2,2.00,,Queda,0,,Queda,0,2.43
07/06/2022,28,582537,559537,1166605,67.48,0,14174,6,6.00,,Queda,0,,Queda,0.00,2.43
08/06/2022,0,582537,559537,1166605,67.48,0,14174,4,2.00,300.00,Alta,0,,Queda,0,2.43
09/06/2022,0,582537,559537,1166605,67.48,0,14174,4,2.00,300.00,Alta,0,,Queda,0,2.43
10/06/2022,0,582537,559537,1166605,67.48,0,14174,4,2.00,300.00,Alta,0,,Queda,0,2.43
11/06/2022,0,582537,559537,1166605,67.48,0,14174,4,2.00,300.00,Alta,0,,Queda,0,2.43
12/06/2022,8,582545,559537,1166605,67.48,0,14174,5,2.50,400.00,Alta,0,,Queda,0.00,2.43
13/06/2022,0,582545,559537,1166605,67.48,0,14174,5,2.50,400.00,Alta,0,,Queda,0,2.43
14/06/2022,50,582595,559537,1166605,67.48,1,14175,8,1.33,700.00,Alta,0,,Queda,2.00,2.43
15/06/2022,0,582595,559537,1166605,67.48,0,14175,8,2.00,300.00,Alta,0,,Queda,0,2.43
16/06/2022,0,582595,559537,1166605,67.48,0,14175,8,2.00,300.00,Alta,0,,Queda,0,2.43
17/06/2022,0,582595,559537,1166605,67.48,0,14175,8,2.00,300.00,Alta,0,,Queda,0,2.43
18/06/2022,0,582595,559537,1166605,67.48,0,14175,8,2.00,300.00,Alta,0,,Queda,0,2.43
19/06/2022,0,582595,559537,1166605,67.48,0,14175,7,1.40,250.00,Alta,0,,Queda,0,2.43
20/06/2022,0,582595,559537,1166605,67.48,0,14175,7,1.40,250.00,Alta,0,,Queda,0,2.43
21/06/2022,0,582595,559537,1166605,67.48,0,14175,0,0.00,-100.00,Queda,0,,Queda,0,2.43
22/06/2022,132,582727,559537,1166605,67.48,0,14175,19,2.38,375.00,Alta,0,,Queda,0.00,2.43
23/06/2022,0,582727,559537,1166605,67.48,0,14175,19,2.38,375.00,Alta,0,,Queda,0,2.43
24/06/2022,0,582727,559537,1166605,67.48,0,14175,19,2.38,375.00,Alta,0,,Queda,0,2.43
25/06/2022,0,582727,559537,1166605,67.48,0,14175,19,2.38,375.00,Alta,0,,Queda,0,2.43
26/06/2022,0,582727,559537,1166605,67.48,0,14175,19,2.71,280.00,Alta,0,,Queda,0,2.43
27/06/2022,0,582727,559537,1166605,67.48,0,14175,19,2.71,280.00,Alta,0,,Queda,0,2.43
28/06/2022,0,582727,559537,1166605,67.48,0,14175,19,2.71,137.50,Alta,0,,Queda,0,2.43
29/06/2022,0,582727,559537,1166605,67.48,0,14175,0,0.00,-100.00,Queda,0,,Queda,0,2.43
30/06/2022,0,582727,559537,1166605,67.48,0,14175,0,0.00,-100.00,Queda,0,,Queda,0,2.43
01/07/2022,0,582727,559537,1166605,67.48,0,14175,0,0.00,-100.00,Queda,0,,Queda,0,2.43
02/07/2022,0,582727,559537,1166605,67.48,0,14175,0,0.00,-100.00,Queda,0,,Queda,0,2.43
03/07/2022,0,582727,559537,1166605,67.48,0,14175,0,0.00,-100.00,Queda,0,,Queda,0,2.43
04/07/2022,0,582727,559537,1166605,67.48,0,14175,0,0.00,-100.00,Queda,0,,Queda,0,2.43
05/07/2022,0,582727,559537,1166605,67.48,0,14175,0,0.00,,Queda,0,,Queda,0,2.43
06/07/2022,0,582727,559537,1166605,67.48,0,14175,0,0.00,-100.00,Queda,0,,Queda,0,2.43
07/07/2022,0,582727,559537,1166605,67.48,0,14175,0,0.00,-100.00,Queda,0,,Queda,0,2.43
08/07/2022,0,582727,559537,1166605,67.48,0,14175,0,0.00,-100.00,Queda,0,,Queda,0,2.43
09/07/2022,0,582727,559537,1166605,67.48,0,14175,0,0.00,-100.00,Queda,0,,Queda,0,2.43
10/07/2022,0,582727,559537,1166605,67.48,0,14175,0,0.00,-100.00,Queda,0,,Queda,0,2.43
11/07/2022,0,582727,559537,1166605,67.48,0,14175,0,0.00,-100.00,Queda,0,,Queda,0,2.43
12/07/2022,0,582727,559537,1166605,67.48,0,14175,0,0.00,-100.00,Queda,0,,Queda,0,2.43
13/07/2022,0,582727,559537,1166605,67.48,0,14175,0,0.00,,Queda,0,,Queda,0,2.43
14/07/2022,0,582727,559537,1166605,67.48,0,14175,0,0.00,,Queda,0,,Queda,0,2.43
15/07/2022,0,582727,559537,1166605,67.48,0,14175,0,0.00,,Queda,0,,Queda,0,2.43
16/07/2022,0,582727,559537,1166605,67.48,0,14175,0,0.00,,Queda,0,,Queda,0,2.43
17/07/2022,0,582727,559537,1166605,67.48,0,14175,0,0.00,,Queda,0,,Queda,0,2.43
18/07/2022,0,582727,559537,1166605,67.48,0,14175,0,0.00,,Queda,0,,Queda,0,2.43
19/07/2022,0,582727,559537,1166605,67.48,0,14175,0,0.00,,Queda,0,,Queda,0,2.43
20/07/2022,0,582727,559537,1166605,67.48,0,14175,0,0.00,,Queda,0,,Queda,0,2.43
21/07/2022,0,582727,559537,1166605,67.48,0,14175,0,0.00,,Queda,0,,Queda,0,2.43
22/07/2022,0,582727,559537,1166605,67.48,0,14175,0,0.00,,Queda,0,,Queda,0,2.43
23/07/2022,0,582727,559537,1166605,67.48,0,14175,0,0.00,,Queda,0,,Queda,0,2.43
24/07/2022,0,582727,559537,1166605,67.48,0,14175,0,0.00,,Queda,0,,Queda,0,2.43
25/07/2022,0,582727,559537,1166605,67.48,0,14175,0,0.00,,Queda,0,,Queda,0,2.43
26/07/2022,0,582727,559537,1166605,67.48,0,14175,0,0.00,,Queda,0,,Queda,0,2.43
27/07/2022,0,582727,559537,1166605,67.48,0,14175,0,0.00,,Queda,0,,Queda,0,2.43
28/07/2022,0,582727,559537,1166605,67.48,0,14175,0,0.00,,Queda,0,,Queda,0,2.43
29/07/2022,0,582727,559537,1166605,67.48,0,14175,0,0.00,,Queda,0,,Queda,0,2.43
30/07/2022,0,582727,559537,1166605,67.48,0,14175,0,0.00,,Queda,0,,Queda,0,2.43
31/07/2022,0,582727,559537,1166605,67.48,0,14175,0,0.00,,Queda,0,,Queda,0,2.43
01/08/2022,0,582727,559537,1166605,67.48,0,14175,0,0.00,,Queda,0,,Queda,0,2.43
02/08/2022,0,582727,559537,1166605,67.48,0,14175,0,0.00,,Queda,0,,Queda,0,2.43
03/08/2022,0,582727,559537,1166605,67.48,0,14175,0,0.00,,Queda,0,,Queda,0,2.43
04/08/2022,0,582727,559537,1166605,67.48,0,14175,0,0.00,,Queda,0,,Queda,0,2.43
05/08/2022,0,582727,559537,1166605,67.48,0,14175,0,0.00,,Queda,0,,Queda,0,2.43
06/08/2022,0,582727,559537,1166605,67.48,0,14175,0,0.00,,Queda,0,,Queda,0,2.43
07/08/2022,0,582727,559537,1166605,67.48,0,14175,0,0.00,,Queda,0,,Queda,0,2.43
08/08/2022,0,582727,559537,1166605,67.48,0,14175,0,0.00,,Queda,0,,Queda,0,2.43
09/08/2022,0,582727,559537,1166605,67.48,0,14175,0,0.00,,Queda,0,,Queda,0,2.43
10/08/2022,0,582727,559537,1166605,67.48,0,14175,0,0.00,,Queda,0,,Queda,0,2.43
11/08/2022,0,582727,559537,1166605,67.48,0,14175,0,0.00,,Queda,0,,Queda,0,2.43
12/08/2022,0,582727,559537,1166605,67.48,0,14175,0,0.00,,Queda,0,,Queda,0,2.43
13/08/2022,0,582727,559537,1166605,67.48,0,14175,0,0.00,,Queda,0,,Queda,0,2.43
14/08/2022,0,582727,559537,1166605,67.48,0,14175,0,0.00,,Queda,0,,Queda,0,2.43
15/08/2022,0,582727,559537,1166605,67.48,0,14175,0,0.00,,Queda,0,,Queda,0,2.43
16/08/2022,0,582727,559537,1166605,67.48,0,14175,0,0.00,,Queda,0,,Queda,0,2.43
17/08/2022,0,582727,559537,1166605,67.48,0,14175,0,0.00,,Queda,0,,Queda,0,2.43
18/08/2022,0,582727,559537,1166605,67.48,0,14175,0,0.00,,Queda,0,,Queda,0,2.43
19/08/2022,0,582727,559537,1166605,67.48,0,14175,0,0.00,,Queda,0,,Queda,0,2.43
20/08/2022,0,582727,559537,1166605,67.48,0,14175,0,0.00,,Queda,0,,Queda,0,2.43
21/08/2022,0,582727,559537,1166605,67.48,0,14175,0,0.00,,Queda,0,,Queda,0,2.43
22/08/2022,0,582727,559537,1166605,67.48,0,14175,0,0.00,,Queda,0,,Queda,0,2.43
23/08/2022,0,582727,559537,1166605,67.48,0,14175,0,0.00,,Queda,0,,Queda,0,2.43
24/08/2022,0,582727,559537,1166605,67.48,0,14175,0,0.00,,Queda,0,,Queda,0,2.43
25/08/2022,0,582727,559537,1166605,67.48,0,14175,0,0.00,,Queda,0,,Queda,0,2.43
26/08/2022,0,582727,559537,1166605,67.48,0,14175,0,0.00,,Queda,0,,Queda,0,2.43
27/08/2022,0,582727,559537,1166605,67.48,0,14175,0,0.00,,Queda,0,,Queda,0,2.43
28/08/2022,0,582727,559537,1166605,67.48,0,14175,0,0.00,,Queda,0,,Queda,0,2.43
29/08/2022,0,582727,559537,1166605,67.48,0,14175,0,0.00,,Queda,0,,Queda,0,2.43
30/08/2022,0,582727,559537,1166605,67.48,0,14175,0,0.00,,Queda,0,,Queda,0,2.43
31/08/2022,0,582727,559537,1166605,67.48,0,14175,0,0.00,,Queda,0,,Queda,0,2.43
01/09/2022,0,582727,559537,1166605,67.48,0,14175,0,0.00,,Queda,0,,Queda,0,2.43
02/09/2022,0,582727,559537,1166605,67.48,0,14175,0,0.00,,Queda,0,,Queda,0,2.43
03/09/2022,0,582727,559537,1166605,67.48,0,14175,0,0.00,,Queda,0,,Queda,0,2.43
04/09/2022,0,582727,559537,1166605,67.48,0,14175,0,0.00,,Queda,0,,Queda,0,2.43
05/09/2022,0,582727,559537,1166605,67.48,0,14175,0,0.00,,Queda,0,,Queda,0,2.43
06/09/2022,0,582727,559537,1166605,67.48,0,14175,0,0.00,,Queda,0,,Queda,0,2.43
07/09/2022,0,582727,559537,1166605,67.48,0,14175,0,0.00,,Queda,0,,Queda,0,2.43
08/09/2022,0,582727,559537,1166605,67.48,0,14175,0,0.00,,Queda,0,,Queda,0,2.43
09/09/2022,0,582727,559537,1166605,67.48,0,14175,0,0.00,,Queda,0,,Queda,0,2.43
10/09/2022,0,582727,559537,1166605,67.48,0,14175,0,0.00,,Queda,0,,Queda,0,2.43
11/09/2022,0,582727,559537,1166605,67.48,0,14175,0,0.00,,Queda,0,,Queda,0,2.43
12/09/2022,0,582727,559537,1166605,67.48,0,14175,0,0.00,,Queda,0,,Queda,0,2.43
13/09/2022,0,582727,559537,1166605,67.48,0,14175,0,0.00,,Queda,0,,Queda,0,2.43
14/09/2022,0,582727,559537,1166605,67.48,0,14175,0,0.00,,Queda,0,,Queda,0,2.43
15/09/2022,0,582727,559537,1166605,67.48,0,14175,0,0.00,,Queda,0,,Queda,0,2.43
16/09/2022,0,582727,559537,1166605,67.48,0,14175,0,0.00,,Queda,0,,Queda,0,2.43
17/09/2022,0,582727,559537,1166605,67.48,0,14175,0,0.00,,Queda,0,,Queda,0,2.43
18/09/2022,0,582727,559537,1166605,67.48,0,14175,0,0.00,,Queda,0,,Queda,0,2.43
19/09/2022,0,582727,559537,1166605,67.48,0,14175,0,0.00,,Queda,0,,Queda,0,2.43
20/09/2022,0,582727,559537,1166605,67.48,0,14175,0,0.00,,Queda,0,,Queda,0,2.43
21/09/2022,0,582727,559537,1166605,67.48,0,14175,0,0.00,,Queda,0,,Queda,0,2.43
22/09/2022,0,582727,559537,1166605,67.48,0,14175,0,0.00,,Queda,0,,Queda,0,2.43
23/09/2022,0,582727,559537,1166605,67.48,0,14175,0,0.00,,Queda,0,,Queda,0,2.43
24/09/2022,0,582727,559537,1166605,67.48,0,14175,0,0.00,,Queda,0,,Queda,0,2.43
25/09/2022,0,582727,559537,1166605,67.48,0,14175,0,0.00,,Queda,0,,Queda,0,2.43
26/09/2022,0,582727,559537,1166605,67.48,0,14175,0,0.00,,Queda,0,,Queda,0,2.43
27/09/2022,0,582727,559537,1166605,67.48,0,14175,0,0.00,,Queda,0,,Queda,0,2.43
28/09/2022,0,582727,559537,1166605,67.48,0,14175,0,0.00,,Queda,0,,Queda,0,2.43
29/09/2022,0,582727,559537,1166605,67.48,0,14175,0,0.00,,Queda,0,,Queda,0,2.43
30/09/2022,0,582727,559537,1166605,67.48,0,14175,0,0.00,,Queda,0,,Queda,0,2.43
01/10/2022,0,582727,559537,1166605,67.48,0,14175,0,0.00,,Queda,0,,Queda,0,2.43
02/10/2022,0,582727,559537,1166605,67.48,0,14175,0,0.00,,Queda,0,,Queda,0,2.43
03/10/2022,0,582727,559537,1166605,67.48,0,14175,0,0.00,,Queda,0,,Queda,0,2.43
04/10/2022,0,582727,559537,1166605,67.48,0,14175,0,0.00,,Queda,0,,Queda,0,2.43
05/10/2022,0,582727,559537,1166605,67.48,0,14175,0,0.00,,Queda,0,,Queda,0,2.43
06/10/2022,0,582727,559537,1166605,67.48,0,14175,0,0.00,,Queda,0,,Queda,0,2.43
07/10/2022,0,582727,559537,1166605,67.48,0,14175,0,0.00,,Queda,0,,Queda,0,2.43
08/10/2022,0,582727,559537,1166605,67.48,0,14175,0,0.00,,Queda,0,,Queda,0,2.43
09/10/2022,0,582727,559537,1166605,67.48,0,14175,0,0.00,,Queda,0,,Queda,0,2.43
10/10/2022,0,582727,559537,1166605,67.48,0,14175,0,0.00,,Queda,0,,Queda,0,2.43
11/10/2022,0,582727,559537,1166605,67.48,0,14175,0,0.00,,Queda,0,,Queda,0,2.43
12/10/2022,0,582727,559537,1166605,67.48,0,14175,0,0.00,,Queda,0,,Queda,0,2.43
13/10/2022,0,582727,559537,1166605,67.48,0,14175,0,0.00,,Queda,0,,Queda,0,2.43
14/10/2022,0,582727,559537,1166605,67.48,0,14175,0,0.00,,Queda,0,,Queda,0,2.43
15/10/2022,0,582727,559537,1166605,67.48,0,14175,0,0.00,,Queda,0,,Queda,0,2.43
16/10/2022,0,582727,559537,1166605,67.48,0,14175,0,0.00,,Queda,0,,Queda,0,2.43
17/10/2022,0,582727,559537,1166605,67.48,0,14175,0,0.00,,Queda,0,,Queda,0,2.43
18/10/2022,0,582727,559537,1166605,67.48,0,14175,0,0.00,,Queda,0,,Queda,0,2.43
19/10/2022,0,582727,559537,1166605,67.48,0,14175,0,0.00,,Queda,0,,Queda,0,2.43
20/10/2022,0,582727,559537,1166605,67.48,0,14175,0,0.00,,Queda,0,,Queda,0,2.43
21/10/2022,0,582727,559537,1166605,67.48,0,14175,0,0.00,,Queda,0,,Queda,0,2.43
22/10/2022,0,582727,559537,1166605,67.48,0,14175,0,0.00,,Queda,0,,Queda,0,2.43
23/10/2022,0,582727,559537,1166605,67.48,0,14175,0,0.00,,Queda,0,,Queda,0,2.43
24/10/2022,0,582727,559537,1166605,67.48,0,14175,0,0.00,,Queda,0,,Queda,0,2.43
25/10/2022,0,582727,559537,1166605,67.48,0,14175,0,0.00,,Queda,0,,Queda,0,2.43
26/10/2022,0,582727,559537,1166605,67.48,0,14175,0,0.00,,Queda,0,,Queda,0,2.43
27/10/2022,0,582727,559537,1166605,67.48,0,14175,0,0.00,,Queda,0,,Queda,0,2.43
28/10/2022,0,582727,559537,1166605,67.48,0,14175,0,0.00,,Queda,0,,Queda,0,2.43
29/10/2022,0,582727,559537,1166605,67.48,0,14175,0,0.00,,Queda,0,,Queda,0,2.43
30/10/2022,0,582727,559537,1166605,67.48,0,14175,0,0.00,,Queda,0,,Queda,0,2.43
31/10/2022,0,582727,559537,1166605,67.48,0,14175,0,0.00,,Queda,0,,Queda,0,2.43
01/11/2022,0,582727,559537,1166605,67.48,0,14175,0,0.00,,Queda,0,,Queda,0,2.43
02/11/2022,0,582727,559537,1166605,67.48,0,14175,0,0.00,,Queda,0,,Queda,0,2.43
03/11/2022,0,582727,559537,1166605,67.48,0,14175,0,0.00,,Queda,0,,Queda,0,2.43
04/11/2022,0,582727,559537,1166605,67.48,0,14175,0,0.00,,Queda,0,,Queda,0,2.43
05/11/2022,0,582727,559537,1166605,67.48,0,14175,0,0.00,,Queda,0,,Queda,0,2.43
06/11/2022,0,582727,559537,1166605,67.48,0,14175,0,0.00,,Queda,0,,Queda,0,2.43
07/11/2022,0,582727,559537,1166605,67.48,0,14175,0,0.00,,Queda,0,,Queda,0,2.43
08/11/2022,0,582727,559537,1166605,67.48,0,14175,0,0.00,,Queda,0,,Queda,0,2.43
09/11/2022,0,582727,559537,1166605,67.48,0,14175,0,0.00,,Queda,0,,Queda,0,2.43
10/11/2022,0,582727,559537,1166605,67.48,0,14175,0,0.00,,Queda,0,,Queda,0,2.43
11/11/2022,0,582727,559537,1166605,67.48,0,14175,0,0.00,,Queda,0,,Queda,0,2.43
12/11/2022,0,582727,559537,1166605,67.48,0,14175,0,0.00,,Queda,0,,Queda,0,2.43
13/11/2022,0,582727,559537,1166605,67.48,0,14175,0,0.00,,Queda,0,,Queda,0,2.43
14/11/2022,0,582727,559537,1166605,67.48,0,14175,0,0.00,,Queda,0,,Queda,0,2.43
15/11/2022,0,582727,559537,1166605,67.48,0,14175,0,0.00,,Queda,0,,Queda,0,2.43
16/11/2022,0,582727,559537,1166605,67.48,0,14175,0,0.00,,Queda,0,,Queda,0,2.43
17/11/2022,0,582727,559537,1166605,67.48,0,14175,0,0.00,,Queda,0,,Queda,0,2.43
18/11/2022,0,582727,559537,1166605,67.48,0,14175,0,0.00,,Queda,0,,Queda,0,2.43
19/11/2022,0,582727,559537,1166605,67.48,0,14175,0,0.00,,Queda,0,,Queda,0,2.43
20/11/2022,0,582727,559537,1166605,67.48,0,14175,0,0.00,,Queda,0,,Queda,0,2.43
21/11/2022,0,582727,559537,1166605,67.48,0,14175,0,0.00,,Queda,0,,Queda,0,2.43
22/11/2022,0,582727,559537,1166605,67.48,0,14175,0,0.00,,Queda,0,,Queda,0,2.43
23/11/2022,0,582727,559537,1166605,67.48,0,14175,0,0.00,,Queda,0,,Queda,0,2.43
24/11/2022,0,582727,559537,1166605,67.48,0,14175,0,0.00,,Queda,0,,Queda,0,2.43
25/11/2022,0,582727,559537,1166605,67.48,0,14175,0,0.00,,Queda,0,,Queda,0,2.43
26/11/2022,0,582727,559537,1166605,67.48,0,14175,0,0.00,,Queda,0,,Queda,0,2.43
27/11/2022,0,582727,559537,1166605,67.48,0,14175,0,0.00,,Queda,0,,Queda,0,2.43
28/11/2022,0,582727,559537,1166605,67.48,0,14175,0,0.00,,Queda,0,,Queda,0,2.43
29/11/2022,0,582727,559537,1166605,67.48,0,14175,0,0.00,,Queda,0,,Queda,0,2.43
30/11/2022,0,582727,559537,1166605,67.48,0,14175,0,0.00,,Queda,0,,Queda,0,2.43
01/12/2022,0,582727,559537,1166605,67.48,0,14175,0,0.00,,Queda,0,,Queda,0,2.43
02/12/2022,0,582727,559537,1166605,67.48,0,14175,0,0.00,,Queda,0,,Queda,0,2.43
03/12/2022,0,582727,559537,1166605,67.48,0,14175,0,0.00,,Queda,0,,Queda,0,2.43
04/12/2022,0,582727,559537,1166605,67.48,0,14175,0,0.00,,Queda,0,,Queda,0,2.43
05/12/2022,0,582727,559537,1166605,67.48,0,14175,0,0.00,,Queda,0,,Queda,0,2.43
06/12/2022,0,582727,559537,1166605,67.48,0,14175,0,0.00,,Queda,0,,Queda,0,2.43
07/12/2022,0,582727,559537,1166605,67.48,0,14175,0,0.00,,Queda,0,,Queda,0,2.43
08/12/2022,0,582727,559537,1166605,67.48,0,14175,0,0.00,,Queda,0,,Queda,0,2.43
09/12/2022,0,582727,559537,1166605,67.48,0,14175,0,0.00,,Queda,0,,Queda,0,2.43
10/12/2022,0,582727,559537,1166605,67.48,0,14175,0,0.00,,Queda,0,,Queda,0,2.43
11/12/2022,0,582727,559537,1166605,67.48,0,14175,0,0.00,,Queda,0,,Queda,0,2.43
12/12/2022,0,582727,559537,1166605,67.48,0,14175,0,0.00,,Queda,0,,Queda,0,2.43
13/12/2022,0,582727,559537,1166605,67.48,0,14175,0,0.00,,Queda,0,,Queda,0,2.43
14/12/2022,0,582727,559537,1166605,67.48,0,14175,0,0.00,,Queda,0,,Queda,0,2.43
15/12/2022,0,582727,559537,1166605,67.48,0,14175,0,0.00,,Queda,0,,Queda,0,2.43
16/12/2022,0,582727,559537,1166605,67.48,0,14175,0,0.00,,Queda,0,,Queda,0,2.43
17/12/2022,0,582727,559537,1166605,67.48,0,14175,0,0.00,,Queda,0,,Queda,0,2.43
18/12/2022,0,582727,559537,1166605,67.48,0,14175,0,0.00,,Queda,0,,Queda,0,2.43
19/12/2022,0,582727,559537,1166605,67.48,0,14175,0,0.00,,Queda,0,,Queda,0,2.43
20/12/2022,0,582727,559537,1166605,67.48,0,14175,0,0.00,,Queda,0,,Queda,0,2.43
21/12/2022,0,582727,559537,1166605,67.48,0,14175,0,0.00,,Queda,0,,Queda,0,2.43
22/12/2022,0,582727,559537,1166605,67.48,0,14175,0,0.00,,Queda,0,,Queda,0,2.43
23/12/2022,0,582727,559537,1166605,67.48,0,14175,0,0.00,,Queda,0,,Queda,0,2.43
24/12/2022,0,582727,559537,1166605,67.48,0,14175,0,0.00,,Queda,0,,Queda,0,2.43
25/12/2022,0,582727,559537,1166605,67.48,0,14175,0,0.00,,Queda,0,,Queda,0,2.43
26/12/2022,0,582727,559537,1166605,67.48,0,14175,0,0.00,,Queda,0,,Queda,0,2.43
27/12/2022,0,582727,559537,1166605,67.48,0,14175,0,0.00,,Queda,0,,Queda,0,2.43
28/12/2022,0,582727,559537,1166605,67.48,0,14175,0,0.00,,Queda,0,,Queda,0,2.43
29/12/2022,0,582727,559537,1166605,67.48,0,14175,0,0.00,,Queda,0,,Queda,0,2.43
30/12/2022,0,582727,559537,1166605,67.48,0,14175,0,0.00,,Queda,0,,Queda,0,2.43
31/12/2022,0,582727,559537,1166605,67.48,0,14175,0,0.00,,Queda,0,,Queda,0,2.43
01/01/2023,0,582727,559537,1166605,67.48,0,14175,0,0.00,,Queda,0,,Queda,0,2.43
02/01/2023,0,582727,559537,1166605,67.48,0,14175,0,0.00,,Queda,0,,Queda,0,2.43
03/01/2023,0,582727,559537,1166605,67.48,0,14175,0,0.00,,Queda,0,,Queda,0,2.43
04/01/2023,0,582727,559537,1166605,67.48,0,14175,0,0.00,,Queda,0,,Queda,0,2.43
05/01/2023,0,582727,559537,1166605,67.48,0,14175,0,0.00,,Queda,0,,Queda,0,2.43
06/01/2023,0,582727,559537,1166605,67.48,0,14175,0,0.00,,Queda,0,,Queda,0,2.43
07/01/2023,0,582727,559537,1166605,67.48,0,14175,0,0.00,,Queda,0,,Queda,0,2.43
08/01/2023,0,582727,559537,1166605,67.48,0,14175,0,0.00,,Queda,0,,Queda,0,2.43
09/01/2023,0,582727,559537,1166605,67.48,0,14175,0,0.00,,Queda,0,,Queda,0,2.43
10/01/2023,0,582727,559537,1166605,67.48,0,14175,0,0.00,,Queda,0,,Queda,0,2.43
